,helpfulnessRatio,review_score,review_modifier_ratio,nlpScore,verified_purchase,vine
0,0.5,-0.7375,0.0,0.5277024177162253,1,0
1,0.5,0.6452,0.009478672985781991,0.5831848518738124,1,0
2,0.5,0.8155,0.022727272727272728,0.4373142318231121,1,0
3,0.3333333333333333,-0.395,0.0,0.2649431915588477,1,0
4,0.5,0.0,0.0,0.2377592679719279,1,0
5,0.5,0.9229,0.006493506493506494,0.5933783180329694,1,0
6,0.5,-0.0644,0.0,0.6007309171317702,0,0
7,0.5,0.91,0.0,0.4805266876509503,1,0
8,0.5,0.8947,0.0,0.3885188094622706,1,0
9,0.6666666666666666,0.8834,0.0,0.6699006627811039,1,0
10,0.5,0.9663,0.005434782608695652,0.6866164692734286,1,0
11,0.5,0.3384,0.034482758620689655,0.2124441812290969,1,0
12,0.6666666666666666,0.6696,0.0,0.5283678702105853,1,0
13,0.3333333333333333,0.6938,0.0,0.6155026493670852,1,0
14,0.8,-0.9555,0.0035587188612099642,0.7346072360606974,0,0
15,0.6666666666666666,0.6644,0.02631578947368421,0.609249104455703,1,0
16,0.6666666666666666,0.1443,0.004291845493562232,0.6644514337245435,1,0
17,0.5,0.9882,0.004830917874396135,0.6789421771391824,1,0
18,0.5,0.9368,0.0033821871476888386,0.7274342526461648,1,0
19,0.5,0.9485,0.0,0.6078814587796944,1,0
20,0.5,0.5423,0.0,0.4426095244160704,1,0
21,0.6666666666666666,-0.7626,0.012903225806451613,0.6725536364537614,0,0
22,0.5,0.4404,0.027777777777777776,0.5100398440933122,1,0
23,0.5,0.7474,0.0,0.4755123403221564,1,0
24,0.5,0.8807,0.0,0.6940816833422042,1,0
25,0.5,0.2946,0.0,0.6917664408940777,1,0
26,0.5,0.4215,0.0,0.4963190859660075,1,0
27,0.5,0.6705,0.0,0.7056318149356599,1,0
28,0.5,0.9231,0.0,0.5257157931233235,1,0
29,0.5,0.5719,0.0,0.1542443568823399,1,0
30,0.5,0.6249,0.0,0.4556606776332117,1,0
31,0.75,0.5719,0.0,0.6917164391435853,1,0
32,0.8727272727272727,0.8228,0.007168458781362007,0.6902447218921162,1,0
33,0.5,0.2732,0.0,0.5008363408804597,1,0
34,0.3333333333333333,-0.3439,0.0,0.675947503345784,0,0
35,0.5,0.9447,0.0,0.5747689341309603,1,0
36,0.5,0.4404,0.0,0.1302460897292585,1,0
37,0.5,0.9001,0.0,0.4621048863400281,1,0
38,0.3333333333333333,0.9365,0.03,0.5672209273963587,1,0
39,0.8,0.9084,0.007434944237918215,0.6338385361399791,1,0
40,0.3333333333333333,0.6369,0.0,0.4620132158925732,1,0
41,0.75,0.9819,0.0024096385542168677,0.6444291873378586,1,0
42,0.6666666666666666,-0.2144,0.0,0.4646254814249845,1,0
43,0.3333333333333333,0.955,0.0,0.5422840270782404,1,0
44,0.5,0.3612,0.0,0.2028601747586032,1,0
45,0.5,0.902,0.00641025641025641,0.687356029272203,0,0
46,0.6363636363636364,0.6348,0.006172839506172839,0.6523739309303005,1,0
47,0.5,0.8666,0.05714285714285714,0.385381922451296,0,0
48,0.6666666666666666,0.8694,0.0,0.6213356164520403,1,0
49,0.6666666666666666,0.95,0.013888888888888888,0.5625324330069292,1,0
50,0.5,-0.9096,0.00847457627118644,0.5895768050238104,1,0
51,0.3333333333333333,0.4404,0.027777777777777776,0.4080093412554077,1,0
52,0.3333333333333333,0.9616,0.004032258064516129,0.7228251564691279,0,0
53,0.6,-0.0895,0.0,0.5906822218316923,1,0
54,0.875,0.8356,0.002173913043478261,0.6825088319463687,0,0
55,0.5,0.963,0.0,0.6383626163574013,1,0
56,0.5,0.6696,0.0,0.1304199003534383,1,0
57,0.5,0.9286,0.0049504950495049506,0.6443170244386602,1,0
58,0.8333333333333334,0.3818,0.0,0.6296977248191175,1,0
59,0.6,-0.5574,0.008403361344537815,0.5672399049301386,1,0
60,0.3333333333333333,0.6249,0.022988505747126436,0.4693245985880861,1,0
61,0.3333333333333333,0.6588,0.0,0.0940069169184326,1,0
62,0.5,-0.8875,0.0,0.6406513833861855,1,0
63,0.5,0.4927,0.038461538461538464,0.1858444421748293,1,0
64,0.5,0.8143,0.0,0.6232303716056096,1,0
65,0.5,0.9792,0.0035087719298245615,0.6622067515675134,1,0
66,0.75,0.9678,0.01507537688442211,0.6805384203989052,1,0
67,0.75,0.9538,0.0,0.384118454303086,1,0
68,0.5,0.734,0.015625,0.3307240100691174,1,0
69,0.5,0.9508,0.0,0.4384160005706102,1,0
70,0.5,0.9217,0.009615384615384616,0.3956379834686441,1,0
71,0.625,-0.8703,0.005037783375314861,0.7334326167492944,0,0
72,0.5,0.4927,0.0,0.1557501818370213,1,0
73,0.5,0.807,0.0,0.4426379215881877,1,0
74,0.3333333333333333,0.7717,0.0,0.4316349526314299,1,0
75,0.5,0.92,0.0,0.4950825957895218,1,0
76,0.9166666666666666,-0.9154,0.0040650406504065045,0.7267998361662953,1,0
77,0.5,0.0,0.0,0.5428133684236137,1,0
78,0.5,0.5719,0.0,0.227387670140593,1,0
79,0.5,0.9822,0.005154639175257732,0.582635711711564,1,0
80,0.5,0.6696,0.0,0.5707349261056652,1,0
81,0.5,0.9319,0.0,0.635497047591089,1,0
82,0.75,0.7612,0.0,0.4846216995084571,1,0
83,0.5,-0.3036,0.012658227848101266,0.4941473088179777,1,0
84,0.3333333333333333,0.9723,0.0,0.5900889360849803,1,0
85,0.5,0.6249,0.005747126436781609,0.6920472418657201,1,0
86,0.5,0.6249,0.0,0.1460605984277387,1,0
87,0.5,0.9225,0.015873015873015872,0.3827266390960172,0,0
88,0.5,-0.8655,0.007874015748031496,0.6681850708294982,1,0
89,0.8,0.9353,0.0,0.6899435256474689,1,0
90,0.5,0.8057,0.0056179775280898875,0.685317246277098,1,0
91,0.5,-0.7701,0.0,0.5476748197598544,1,0
92,0.75,0.9421,0.0024271844660194173,0.6466296363680702,1,0
93,0.5,0.7684,0.0,0.4703477602447531,1,0
94,0.8333333333333334,-0.8173,0.003745318352059925,0.6010254166643286,0,0
95,0.5,0.2023,0.0,0.2400308857381439,1,0
96,0.5,0.7845,0.0,0.6396182202381876,1,0
97,0.5,0.8126,0.0,0.6393255923602211,1,0
98,0.75,-0.7351,0.0,0.6652058592169091,1,0
99,0.5,-0.5789,0.0,0.4827979050526861,1,0
100,0.8571428571428571,0.969,0.0072992700729927005,0.6197199730584187,1,0
101,0.5,-0.0703,0.007518796992481203,0.6314898922998134,1,0
102,0.5,0.946,0.0,0.4870807978953553,1,0
103,0.5,0.4404,0.0,0.1302460897292585,1,0
104,0.5,0.3716,0.0,0.5973987412720956,1,0
105,0.5,0.4753,0.0,0.5627169487648374,1,0
106,0.5,0.0,0.0,0.3443278017569221,1,0
107,0.5,0.0829,0.024390243902439025,0.5371509850053495,1,0
108,0.5,0.0,0.005319148936170213,0.6416088091232134,1,0
109,0.5,0.5994,0.0,0.0940115534244694,1,0
110,0.5,0.9843,0.0026041666666666665,0.6883578999441855,1,0
111,0.5,0.9694,0.007731958762886598,0.621567862682869,1,0
112,0.5,0.4466,0.0,0.1992244106086925,1,0
113,0.5,0.7841,0.0196078431372549,0.4494034005069107,1,0
114,0.5,0.8047,0.0014641288433382138,0.7277906568131154,1,0
115,0.5,0.5719,0.0,0.1208155353151772,1,0
116,0.5,0.2732,0.0,0.1898751615535628,1,0
117,0.5,-0.9666,0.0034285714285714284,0.7377336083992018,0,0
118,0.5,0.9647,0.006557377049180328,0.7163679007342184,1,0
119,0.5,-0.6767,0.015345268542199489,0.6567394528479473,1,0
120,0.6666666666666666,-0.783,0.0,0.4209178176435791,1,0
121,0.5555555555555556,0.9349,0.0,0.6302541539087424,1,0
122,0.5714285714285714,0.7905,0.006711409395973154,0.5976523658314802,1,0
123,0.5,0.6369,0.0,0.5478385899787104,0,0
124,0.5,0.8078,0.0,0.6097903791149193,1,0
125,0.5,0.9602,0.021052631578947368,0.5097120970191843,1,0
126,0.5,0.9544,0.006297229219143577,0.7175501682023978,1,0
127,0.1428571428571428,0.6468,0.009009009009009009,0.586835331545386,1,0
128,0.5,0.3384,0.0,0.6573680041721354,1,0
129,0.3333333333333333,-0.4215,0.005780346820809248,0.6535124067075836,1,0
130,0.5,0.6019,0.0,0.5704627139461809,1,0
131,0.6666666666666666,0.4766,0.0056179775280898875,0.6702102766496316,1,0
132,0.5,0.4404,0.0,0.1532650068892351,1,0
133,0.5,-0.4215,0.0,0.5406983111710058,1,0
134,0.5,0.9152,0.004484304932735426,0.7101920782442945,1,0
135,0.5,0.7351,0.0,0.4892587189784578,1,0
136,0.5,0.3716,0.0,0.4781897455556322,1,0
137,0.7142857142857143,-0.8314,0.0028530670470756064,0.6881169609380932,0,0
138,0.5,0.6908,0.015503875968992248,0.562249337465116,1,0
139,0.5,0.1531,0.0,0.4427700519981866,1,0
140,0.2,0.0,0.0,0.6176998452032574,0,0
141,0.7777777777777778,-0.8402,0.004081632653061225,0.618639989892122,1,0
142,0.9107142857142856,0.893,0.0,0.697662745073962,1,0
143,0.5,0.9617,0.011764705882352941,0.6308328138270713,1,0
144,0.5,0.9328,0.044444444444444446,0.3575485871395404,0,0
145,0.5,0.8561,0.006896551724137931,0.6486476134425848,1,0
146,0.75,0.4574,0.0,0.6174754376134325,1,0
147,0.1428571428571428,-0.4023,0.0,0.2793546864955952,1,0
148,0.5,0.9447,0.0,0.5462028680605632,1,0
149,0.5,-0.9438,0.005952380952380952,0.6109683149322882,1,0
150,0.4,0.6115,0.0,0.2286775050386144,1,0
151,0.5,0.0,0.0,0.2889306125378981,1,0
152,0.7142857142857143,0.9886,0.002012072434607646,0.843852316484858,0,0
153,0.3333333333333333,0.8672,0.009174311926605505,0.4722900742591143,1,0
154,0.5,0.4754,0.03571428571428571,0.153615821027945,1,0
155,0.6666666666666666,0.9201,0.016666666666666666,0.6023968695028198,1,0
156,0.5,0.6588,0.0,0.1170684946089158,1,0
157,0.6666666666666666,0.7872,0.0,0.514654520622896,1,0
158,0.5,0.6956,0.0,0.5574728027233504,1,0
159,0.5,0.7211,0.0,0.7488341977957288,0,0
160,0.3333333333333333,-0.5423,0.0,0.5679841913816323,1,0
161,0.5,0.4404,0.0,0.2063067433592918,1,0
162,0.6666666666666666,0.6249,0.0,0.4631381522305595,1,0
163,0.5,0.7579,0.0,0.2442318995984548,1,0
164,0.75,0.7498,0.003134796238244514,0.6805130012145486,1,0
165,0.5,0.0,0.0,0.6023989457820041,1,0
166,0.5,-0.7758,0.0017513134851138354,0.7217514032682665,0,0
167,0.5,0.6588,0.0,0.4436434059996686,1,0
168,0.5,0.0,0.012987012987012988,0.5911043573900983,1,0
169,0.5,-0.296,0.0,0.3242990333254659,1,0
170,0.5,0.9668,0.022556390977443608,0.5708903355063181,1,0
171,0.5,0.8298,0.00641025641025641,0.7312282114188874,1,0
172,0.6,0.8016,0.021739130434782608,0.4488234157113805,1,0
173,0.75,0.7845,0.0,0.6231512012985077,1,0
174,0.1111111111111111,-0.6249,0.0,0.3955204804078463,1,0
175,0.5,0.8684,0.0,0.2698234447404882,1,0
176,0.8333333333333334,-0.6395,0.0,0.6394152364911243,1,0
177,0.5,0.7003,0.005076142131979695,0.6424105873030774,1,0
178,0.5,-0.2057,0.0,0.4540516135219,1,0
179,0.9,-0.7929,0.0,0.7607851249018924,0,0
180,0.3333333333333333,0.6115,0.0,0.2323483560372966,1,0
181,0.5,-0.968,0.0040137614678899085,0.7612534909433729,0,0
182,0.3333333333333333,0.8402,0.0,0.4538882059937104,1,0
183,0.5,0.8588,0.0,0.5173002662114271,1,0
184,0.6666666666666666,0.9426,0.0,0.5581145243796489,1,0
185,0.5,0.6249,0.0,0.1460605984277387,1,0
186,0.5,0.7717,0.0,0.4426237110299921,1,0
187,0.5,0.4927,0.027777777777777776,0.2425549201542228,1,0
188,0.5,0.9468,0.009433962264150943,0.4913819178367207,1,0
189,0.4,-0.8016,0.0,0.6923272218112365,0,0
190,0.5,0.8038,0.02158273381294964,0.5220410508250679,1,0
191,0.5,-0.584,0.013986013986013986,0.4258076907243659,1,0
192,0.3333333333333333,0.981,0.0049261083743842365,0.6366201013845423,1,0
193,0.5,0.9972,0.0017699115044247787,0.7250352001833307,0,0
194,0.5,0.2023,0.0,0.2014908626437786,1,0
195,0.6666666666666666,-0.223,0.0,0.567015446267367,1,0
196,0.3333333333333333,-0.4404,0.021739130434782608,0.3414701431597351,1,0
197,0.5,0.9392,0.021739130434782608,0.4967528783553312,1,0
198,0.8,-0.2584,0.0,0.54326015201515,0,0
199,0.75,0.6746,0.010101010101010102,0.5626630995424784,1,0
200,0.5,0.8906,0.005494505494505495,0.6198957781218036,1,0
201,0.5,0.8692,0.0,0.6147646571738907,1,0
202,0.8,0.91,0.008333333333333333,0.6020853109861716,1,0
203,0.5,0.9118,0.0,0.7080499204918488,1,0
204,0.5,0.4939,0.0,0.3578307934126052,1,0
205,0.5,0.4927,0.0,0.1742548806142709,1,0
206,0.5,0.0,0.0,0.1546347404992535,1,0
207,0.9230769230769232,-0.7621,0.0035211267605633804,0.6288852601499213,0,0
208,0.5,0.891,0.0,0.2487922808030993,1,0
209,0.5,0.9425,0.005555555555555556,0.6074330694389941,1,0
210,0.5,0.0,0.037037037037037035,0.211232406126738,1,0
211,0.5,0.7574,0.0,0.3642462502265336,1,0
212,0.5,0.0,0.0,0.3016912955439219,1,0
213,0.8666666666666667,-0.8439,0.00199203187250996,0.7074982685260621,0,0
214,0.5,-0.6808,0.0,0.6243644431208876,1,0
215,0.5,0.9147,0.009900990099009901,0.4664267591193051,1,0
216,0.5,0.5696,0.0,0.5357489899689719,1,0
217,0.6666666666666666,0.8481,0.0,0.6725048104932692,1,0
218,0.75,0.9293,0.0,0.6508795900456548,1,0
219,0.3333333333333333,0.3796,0.011627906976744186,0.5512908505475322,1,0
220,0.5,0.2732,0.011764705882352941,0.6652878991108383,1,0
221,0.5,0.6249,0.0,0.1686886381962659,1,0
222,0.8,0.9493,0.011494252873563218,0.5114492785919363,1,0
223,0.5,0.5752,0.0036363636363636364,0.6503500128034027,1,0
224,0.8,0.8954,0.0,0.6099647492156047,1,0
225,0.3333333333333333,0.8306,0.02631578947368421,0.4621128038404403,1,0
226,0.5,0.9493,0.006006006006006006,0.6643636522565604,1,0
227,0.5,0.9299,0.0,0.2857878231982599,1,0
228,0.5,0.4754,0.016129032258064516,0.5006482703592792,1,0
229,0.8909090909090909,0.9002,0.004366812227074236,0.5959413705355435,1,0
230,0.5,0.9227,0.0,0.3827221447599334,1,0
231,0.5,0.775,0.0,0.5219309166853507,1,0
232,0.5,0.8193,0.0,0.680649000278081,1,0
233,0.5,0.7003,0.018867924528301886,0.6371291969740881,1,0
234,0.5,0.6892,0.0,0.3501486049106965,1,0
235,0.75,0.0,0.0,0.5086436238770461,1,0
236,0.7142857142857143,0.9656,0.0,0.5881331248328886,1,0
237,0.5,-0.7269,0.005115089514066497,0.6965614435002764,0,0
238,0.5,0.8858,0.0,0.5203610016074379,1,0
239,0.5,0.9286,0.00558659217877095,0.5379356347496579,1,0
240,0.5,0.6588,0.015625,0.4604377442091197,1,0
241,0.5,0.4404,0.0,0.6171933346815104,1,0
242,0.5,-0.8402,0.0,0.6540204490524218,1,0
243,0.5,0.6369,0.02127659574468085,0.3356410820115821,1,0
244,0.5,-0.8515,0.01694915254237288,0.5363600280897723,1,0
245,0.6666666666666666,0.926,0.0,0.4793135457196215,1,0
246,0.8,-0.7774,0.016129032258064516,0.4605814963157024,0,0
247,0.6666666666666666,0.7022,0.00211864406779661,0.7099482911230497,1,0
248,0.5714285714285714,-0.7697,0.0,0.5766851742879208,0,0
249,0.5,0.6249,0.0,0.3728751118341945,1,0
250,0.75,0.8906,0.046511627906976744,0.6672725298740465,1,0
251,0.6666666666666666,0.9199,0.0,0.655876974245212,0,0
252,0.5,0.0,0.0,0.4222877447130282,1,0
253,0.5,0.4389,0.0,0.3048743696371668,1,0
254,0.5,0.2023,0.0,0.2210618630736469,1,0
255,0.5,0.9359,0.027777777777777776,0.5646463842693096,1,0
256,0.5,-0.8625,0.0,0.630468796977289,1,0
257,0.6,0.9488,0.007741935483870968,0.7478440665649203,1,0
258,0.5,-0.0387,0.02702702702702703,0.2978421848013015,1,0
259,0.5,0.7906,0.0,0.3731614951282671,1,0
260,0.3333333333333333,0.4404,0.0,0.4819141700488786,1,0
261,0.3333333333333333,0.952,0.007575757575757576,0.5021671604387729,1,0
262,0.5,0.631,0.0,0.6341623388047487,1,0
263,0.5,0.967,0.005235602094240838,0.5966722121587915,1,0
264,0.5,0.8707,0.006060606060606061,0.572904717798062,1,0
265,0.8,0.9478,0.002152852529601722,0.7571512935407809,1,0
266,0.6666666666666666,0.755,0.018867924528301886,0.7225119836842051,1,0
267,0.5,0.8519,0.0,0.5419145988793337,1,0
268,0.6,0.9591,0.0125,0.5963193546144709,1,0
269,0.6666666666666666,0.8655,0.0,0.5210268528843729,1,0
270,0.8888888888888888,0.9542,0.012195121951219513,0.649424678140173,1,0
271,0.5,0.9473,0.006896551724137931,0.6004674767538006,1,0
272,0.1666666666666666,-0.1431,0.0,0.5932620523564294,0,0
273,0.5,0.9582,0.007874015748031496,0.4801595049997791,1,0
274,0.75,-0.9081,0.003048780487804878,0.6763082200733102,0,0
275,0.5,0.6124,0.0136986301369863,0.3995315715817113,1,0
276,0.3333333333333333,0.2912,0.003430531732418525,0.6864733490374099,1,0
277,0.8,0.1178,0.0,0.6979152192971116,1,0
278,0.5,0.6114,0.03225806451612903,0.2530792910659897,1,0
279,0.5,-0.9299,0.003676470588235294,0.6542543480464127,0,0
280,0.5,-0.3089,0.0,0.6805495627131766,0,0
281,0.6666666666666666,0.4404,0.0,0.1449685646800999,1,0
282,0.5,0.9294,0.0,0.4519691929859375,1,0
283,0.75,-0.6145,0.0024630541871921183,0.6445041841228226,1,0
284,0.6666666666666666,-0.9594,0.0035842293906810036,0.6963675630812968,0,0
285,0.5,0.765,0.0,0.4796393776736529,1,0
286,0.5,-0.8456,0.006993006993006993,0.6222661961584588,1,0
287,0.5,0.4215,0.0,0.2800027259337397,1,0
288,0.5,0.6588,0.0,0.4257838692362103,1,0
289,0.9411764705882352,0.4048,0.0,0.7135252937607534,0,0
290,0.8461538461538461,0.2644,0.0,0.5768038019663914,1,0
291,0.9,0.8745,0.005952380952380952,0.7081051158148888,1,0
292,0.5,0.7964,0.0,0.7308306107533866,1,0
293,0.4,0.9699,0.0038022813688212928,0.6911672047729083,0,0
294,0.5,0.8684,0.0,0.548235697189522,1,0
295,0.5,0.0,0.0,0.4505165325054832,1,0
296,0.5,0.9036,0.018867924528301886,0.314188815108351,1,0
297,0.5,0.0,0.0,0.4731292690778411,1,0
298,0.6666666666666666,0.0,0.0,0.3511683702703528,1,0
299,0.3333333333333333,0.6124,0.0,0.5035831879457998,1,0
300,0.5,-0.4939,0.0,0.5442240887543327,1,0
301,0.5,0.8,0.037037037037037035,0.2960873563240704,0,0
302,0.2,-0.6688,0.0,0.6344932171536157,1,0
303,0.5,0.0,0.0,0.2376975466700749,1,0
304,0.6,0.3252,0.0,0.5802599359125894,1,0
305,0.5,0.9332,0.0,0.4414923951507661,1,0
306,0.5,0.6249,0.0,0.4410209407616702,1,0
307,0.5,0.4215,0.0,0.1384250481199333,1,0
308,0.5,0.9246,0.0078125,0.5473888409421949,1,0
309,0.5,0.7796,0.007751937984496124,0.6011008053950635,1,0
310,0.75,0.9467,0.018633540372670808,0.6122623559554309,1,0
311,0.5,0.2263,0.00558659217877095,0.6186883210761013,1,0
312,0.75,0.9493,0.0,0.3431724389091135,1,0
313,0.5,0.3818,0.0,0.6442604878688759,1,0
314,0.5,0.8715,0.02040816326530612,0.2426428081681306,1,0
315,0.5,0.8957,0.023255813953488372,0.4914734340369931,1,0
316,0.5,0.9354,0.0078125,0.6271723957378756,1,0
317,0.125,0.0,0.0,0.2859179473807475,0,0
318,0.8064516129032258,-0.5216,0.0008888888888888889,0.7317690297253809,1,0
319,0.5,0.9153,0.0,0.6822292299249638,0,0
320,0.5,0.0,0.0,0.2267008030156533,1,0
321,0.5,0.8345,0.006666666666666667,0.6364498715051035,1,0
322,0.5,0.8211,0.014492753623188406,0.5342366636572724,1,0
323,0.5,0.9243,0.0,0.314568240792446,1,0
324,0.5,0.9238,0.007142857142857143,0.5487679789681273,1,0
325,0.5,0.9369,0.003703703703703704,0.6455468057469467,1,0
326,0.5,0.8922,0.005249343832020997,0.6034553377239259,1,0
327,0.5,0.4215,0.0,0.5453599129059954,1,0
328,0.5,0.8036,0.02564102564102564,0.475848013515918,0,0
329,0.5,-0.1954,0.0027548209366391185,0.6683318562413068,1,0
330,0.3333333333333333,0.8765,0.004016064257028112,0.6111653088282435,1,0
331,0.5,-0.3956,0.0,0.7005068877522964,0,0
332,0.5,0.6892,0.0,0.2382221618992612,1,0
333,0.6666666666666666,0.8176,0.0,0.6099430959039146,1,0
334,0.6666666666666666,0.9,0.0034482758620689655,0.6199389271431223,1,0
335,0.3333333333333333,0.2105,0.0,0.2788707742111638,1,0
336,0.5,0.9551,0.0,0.5342968872011704,1,0
337,0.0714285714285714,-0.1027,0.0,0.3466437441219749,1,0
338,0.5,0.8801,0.013513513513513514,0.4362461296647201,1,0
339,0.5,0.9296,0.0,0.566639531687035,1,0
340,0.6666666666666666,-0.0516,0.0,0.3850060348196096,1,0
341,0.5,-0.7672,0.005050505050505051,0.6012153471426188,1,0
342,0.5,0.0,0.01834862385321101,0.6385180986537036,1,0
343,0.5,-0.2392,0.0029940119760479044,0.6830759154893977,0,0
344,0.5,0.5719,0.0,0.4099378254469341,1,0
345,0.6666666666666666,0.8984,0.0,0.5587944600612745,1,0
346,0.7777777777777778,-0.7906,0.0,0.6579522751884862,0,0
347,0.5,0.8481,0.0,0.609663773843976,1,0
348,0.5,0.969,0.0,0.6505776717872921,1,0
349,0.6,0.0923,0.0,0.5421867976206021,0,0
350,0.3333333333333333,0.872,0.0,0.6795539108503857,1,0
351,0.5,0.9014,0.005050505050505051,0.5936337492263268,1,0
352,0.75,-0.4215,0.0,0.3182405616900255,1,0
353,0.5,0.9285,0.0,0.4991937497785315,1,0
354,0.6666666666666666,0.9755,0.006097560975609756,0.714682634928005,0,0
355,0.5,0.5023,0.0036101083032490976,0.6511295138871865,1,0
356,0.5,0.749,0.009009009009009009,0.4940331350108445,1,0
357,0.6666666666666666,0.34,0.009900990099009901,0.4288077441714474,1,0
358,0.75,0.7438,0.0049504950495049506,0.6590675809545156,1,0
359,0.5,0.4939,0.0,0.5833592481588761,1,0
360,0.6666666666666666,0.9376,0.004629629629629629,0.6370415774329707,1,0
361,0.5,-0.624,0.0,0.5339733330163864,0,0
362,0.75,-0.897,0.0024330900243309003,0.6971150957708085,0,0
363,0.5,0.7245,0.0,0.5306907220657185,1,0
364,0.2727272727272727,0.0644,0.0,0.5600033500157715,1,0
365,0.5,0.947,0.0,0.6705708926875084,1,0
366,0.5,0.0,0.0,0.193991585335353,1,0
367,0.3333333333333333,-0.5569,0.0,0.5351958057341913,1,0
368,0.1428571428571428,0.5171,0.0037313432835820895,0.6039008754120655,1,0
369,0.5,0.7964,0.0,0.2470365071241761,1,0
370,0.5,0.7964,0.00909090909090909,0.6928696358739554,1,0
371,0.5,0.8591,0.025,0.4420197920214871,1,0
372,0.5,0.8204,0.0,0.2053754718809978,1,0
373,0.5,-0.6044,0.0,0.620204095051572,1,0
374,0.2,0.0,0.015151515151515152,0.5583798632753145,1,0
375,0.25,0.8655,0.0,0.6344527524434171,0,0
376,0.6666666666666666,-0.4215,0.02127659574468085,0.4682215667578676,1,0
377,0.5,0.7397,0.027777777777777776,0.2150543831053143,1,0
378,0.5,0.6249,0.0,0.220824462855728,1,0
379,0.3333333333333333,-0.7096,0.0,0.3635468266869182,1,0
380,0.6666666666666666,0.4854,0.0,0.6732349885357328,0,0
381,0.5,0.0,0.0,0.3979316421803557,1,0
382,0.6,0.7845,0.01,0.6212687568688183,1,0
383,0.75,-0.9829,0.0032258064516129032,0.7284640592612224,1,0
384,0.5,0.9802,0.007009345794392523,0.6857221119762242,1,0
385,0.8,0.2716,0.006600660066006601,0.6430798153735151,1,0
386,0.5,0.7845,0.0,0.3762094813125313,1,0
387,0.5,0.0,0.0,0.1795422092818473,1,0
388,0.5,0.4031,0.014814814814814815,0.5939119947097075,1,0
389,0.2,0.8287,0.0,0.6193239337187163,1,0
390,0.6666666666666666,0.9777,0.011049723756906077,0.6042408353923115,1,0
391,0.6666666666666666,0.9785,0.00528169014084507,0.7134502327516732,1,0
392,0.5,0.5574,0.0,0.4595562225127652,1,0
393,0.5,-0.5267,0.005076142131979695,0.6676515097034202,1,0
394,0.6666666666666666,0.8316,0.005080440304826418,0.7544279816578474,0,0
395,0.5,0.754,0.0,0.5609668421935338,1,0
396,0.8,-0.9724,0.0,0.6591891192016909,1,0
397,0.5,0.0,0.0,0.5433138696252173,1,0
398,0.6666666666666666,0.2404,0.0,0.5709781155916791,0,0
399,0.5,0.9022,0.0,0.6483133128978011,1,0
400,0.6666666666666666,0.8481,0.0,0.5118007779322737,1,0
401,0.5,-0.6198,0.011363636363636364,0.5689838004637293,1,0
402,0.5,0.4588,0.0196078431372549,0.3493265251455891,1,0
403,0.5,-0.5574,0.0,0.588969748770733,0,0
404,0.5,0.8271,0.0,0.5494636899131715,1,0
405,0.5,0.9168,0.0,0.5158577957739608,1,0
406,0.75,-0.0644,0.0,0.6532189227620239,1,0
407,0.6666666666666666,0.9879,0.007259528130671506,0.7160138316653188,1,0
408,0.5,0.9594,0.0196078431372549,0.6144892225997962,1,0
409,0.6666666666666666,0.9817,0.008321775312066574,0.7246654799549307,1,0
410,0.5,-0.3384,0.015873015873015872,0.3446127812502155,1,0
411,0.5,0.8396,0.017543859649122806,0.6336329053926544,1,0
412,0.6666666666666666,-0.2287,0.0,0.5655312551399801,1,0
413,0.5,0.7003,0.0,0.6014145878773469,1,0
414,0.6,0.9652,0.0,0.6011641657685237,1,0
415,0.5,-0.8708,0.0034965034965034965,0.7235375402099672,0,0
416,0.5,-0.2144,0.007352941176470588,0.5362335687449227,1,0
417,0.75,-0.4391,0.004819277108433735,0.7000221243567821,0,0
418,0.5,0.9846,0.002631578947368421,0.7150424506883949,1,0
419,0.5,0.9257,0.011627906976744186,0.6678945613315976,1,0
420,0.75,0.0772,0.0,0.4982700183212993,1,0
421,0.5,0.6369,0.0,0.3574994507389946,1,0
422,0.6666666666666666,0.2263,0.0,0.5443741012649609,1,0
423,0.8,0.9245,0.009900990099009901,0.6305417296222169,1,0
424,0.5,0.9577,0.011904761904761904,0.5436613270481121,1,0
425,0.5,0.807,0.01282051282051282,0.4846668940126697,1,0
426,0.5,0.8356,0.0,0.362159043868281,1,0
427,0.5,0.9326,0.0,0.5392600419971691,1,0
428,0.6666666666666666,0.9544,0.008849557522123894,0.5333586823038907,1,0
429,0.5,-0.4753,0.008620689655172414,0.5025433452430181,1,0
430,0.3333333333333333,-0.2846,0.005405405405405406,0.6129737626937846,1,0
431,0.5,0.8625,0.0,0.511412604705764,1,0
432,0.5,0.6486,0.0,0.493144211097248,1,0
433,0.6666666666666666,-0.4939,0.0,0.5654090951669107,1,0
434,0.6666666666666666,-0.7003,0.0,0.4735065608920586,1,0
435,0.6666666666666666,0.0,0.022727272727272728,0.3391151154393587,1,0
436,0.5,0.4404,0.0,0.5086770735670463,1,0
437,0.25,0.9458,0.0,0.6522562051069272,1,0
438,0.6666666666666666,-0.8025,0.0,0.5159817688382519,0,0
439,0.5,0.807,0.0,0.2684108401717779,1,0
440,0.75,-0.7351,0.0,0.6754549527102819,0,0
441,0.6666666666666666,0.2192,0.004545454545454545,0.685249014478905,1,0
442,0.5,0.2382,0.0,0.4317823119023964,1,0
443,0.5,-0.9215,0.007352941176470588,0.7143551270664926,0,0
444,0.5,0.8764,0.0,0.6210729072985844,1,0
445,0.5,0.9765,0.004149377593360996,0.6618052018875783,1,0
446,0.8,0.1048,0.005633802816901409,0.6978359223243229,0,0
447,0.1538461538461538,0.3412,0.0,0.3984823289904215,1,0
448,0.5,0.4109,0.004464285714285714,0.6265244058308042,1,0
449,0.4,0.9938,0.0069767441860465115,0.7159414931360921,1,0
450,0.6666666666666666,-0.8153,0.00819672131147541,0.6347910056066302,0,0
451,0.7142857142857143,0.9706,0.01020408163265306,0.7253972935778441,1,0
452,0.6,-0.8522,0.005922165820642978,0.7562053989976752,1,0
453,0.2,-0.6093,0.0,0.6581539358919792,1,0
454,0.5,-0.6283,0.0,0.5936759758082573,1,0
455,0.6666666666666666,0.8126,0.022058823529411766,0.5305713990708628,1,0
456,0.5,0.9184,0.0,0.5572663191805138,1,0
457,0.217391304347826,-0.765,0.0,0.576035100179581,1,0
458,0.6666666666666666,0.8655,0.0,0.4449465127105834,1,0
459,0.3333333333333333,0.6956,0.0,0.324451577333992,1,0
460,0.5714285714285714,0.9863,0.0,0.7222577950652207,0,1
461,0.6666666666666666,0.6586,0.0,0.5493433612291744,1,0
462,0.5,0.3384,0.0,0.2052246647598734,1,0
463,0.8,0.9538,0.0,0.6910025834878628,1,0
464,0.75,0.9959,0.007209805335255948,0.7640129862865843,0,1
465,0.6,0.5371,0.0,0.7340796877406274,1,0
466,0.3333333333333333,0.9186,0.0,0.3212023417674017,1,0
467,0.5,0.9391,0.010416666666666666,0.5429235546418456,1,0
468,0.2857142857142857,0.9225,0.005747126436781609,0.5971442068487076,1,0
469,0.5,-0.1001,0.0038314176245210726,0.5968508366922786,1,0
470,0.25,0.5358,0.011494252873563218,0.5867793402674869,0,0
471,0.75,0.9643,0.0,0.6363804754643206,0,1
472,0.5,0.5719,0.0,0.3427536817237421,1,0
473,0.7777777777777778,-0.1027,0.0,0.6097017352950865,1,0
474,0.3636363636363636,0.7783,0.0,0.6107854551348186,0,1
475,0.8571428571428571,0.9264,0.002652519893899204,0.7843942276190998,0,1
476,0.5,0.9683,0.0103359173126615,0.6870933531322827,0,0
477,0.7,0.8996,0.0028776978417266188,0.7521209130475748,0,1
478,0.6666666666666666,0.7357,0.006220839813374806,0.7356100871641883,1,0
479,0.6666666666666666,0.0141,0.0,0.6036999437767631,1,0
480,0.5,0.5859,0.0,0.5906518710523475,1,0
481,0.8571428571428571,-0.438,0.008097165991902834,0.6741795589649698,0,0
482,0.5,-0.9513,0.0021651716671821837,0.769395275606794,0,0
483,0.25,0.7351,0.0,0.2217045273883928,1,0
484,0.5,-0.6246,0.02564102564102564,0.3651091373726088,1,0
485,0.5,0.85,0.008695652173913044,0.5880782093734689,1,0
486,0.6363636363636364,-0.9028,0.0,0.6627980688667613,1,0
487,0.5,0.8567,0.004424778761061947,0.5946392264160282,1,0
488,0.25,-0.3147,0.0,0.4707084884960605,1,0
489,0.5,0.6249,0.0,0.2156050897768623,1,0
490,0.5,0.4363,0.0027247956403269754,0.6482275567383812,1,0
491,0.6666666666666666,0.1476,0.0013717421124828531,0.713635992492516,0,0
492,0.25,0.6826,0.0,0.2095782499653582,1,0
493,0.5,0.6597,0.007575757575757576,0.688090043134675,0,0
494,0.6666666666666666,0.952,0.001549186676994578,0.7500608834551111,0,0
495,0.5,-0.5615,0.005305039787798408,0.7185683938449985,1,0
496,0.5,0.9325,0.009433962264150943,0.5575723836276978,0,0
497,0.5,0.9327,0.0,0.6290962480617317,1,0
498,0.5,0.7681,0.0,0.7189441330023136,1,0
499,0.6,0.9791,0.002770083102493075,0.7541677059118064,1,0
500,0.5,-0.3804,0.0064516129032258064,0.5406171956529271,1,0
501,0.3333333333333333,0.0,0.0,0.3893359598328483,1,0
502,0.6666666666666666,0.6249,0.0,0.3252997763442951,1,0
503,0.9588235294117649,0.9961,0.004293893129770993,0.7806340895186313,0,1
504,0.5,0.9501,0.020588235294117647,0.6886898235707971,0,1
505,0.8571428571428571,0.9928,0.004158669225847729,0.7925905043876649,0,1
506,0.75,0.9791,0.014925373134328358,0.6947844095399391,1,0
507,0.5,0.7906,0.0,0.434486917604835,1,0
508,0.5,0.9482,0.011904761904761904,0.5812752712911933,1,0
509,0.9384615384615383,-0.943,0.0054869684499314125,0.7448067076588902,1,0
510,0.5,0.6588,0.0,0.1681774217304706,1,0
511,0.8823529411764706,0.9441,0.003988035892323031,0.7936108031489182,0,1
512,0.8571428571428571,0.8519,0.001692047377326565,0.7399701761573098,0,1
513,0.4444444444444444,-0.8294,0.002849002849002849,0.6828243289943549,1,0
514,0.3333333333333333,0.6249,0.0,0.4284096461012541,1,0
515,0.3333333333333333,0.6249,0.0,0.1170684946089158,1,0
516,0.5,0.938,0.00964630225080386,0.7224488539602899,0,1
517,0.3333333333333333,0.2732,0.0,0.1898751615535628,0,0
518,0.3333333333333333,0.6369,0.037037037037037035,0.2542267137855685,1,0
519,0.25,-0.4939,0.0,0.4900565315534027,1,0
520,0.5,0.6619,0.0,0.4890986050835111,1,0
521,0.625,-0.4891,0.0016142050040355124,0.7511989022704934,0,0
522,0.9278846153846154,0.9991,0.004707631318136769,0.7995939806592253,0,1
523,0.5,0.6249,0.0,0.5761536715842965,1,0
524,0.6666666666666666,0.9201,0.004137115839243499,0.7865371643478498,0,1
525,0.75,0.8609,0.0,0.670642385860763,1,0
526,0.6,0.7964,0.0,0.6611253660959316,1,0
527,0.3333333333333333,0.7351,0.0,0.2535892057527673,1,0
528,0.5,0.5719,0.0,0.3550793887746444,1,0
529,0.5,0.71,0.0033707865168539327,0.7758750032925738,0,1
530,0.5,0.4404,0.0,0.1302460897292585,1,0
531,0.3333333333333333,0.8988,0.0027397260273972603,0.7019599036504401,0,1
532,0.3333333333333333,0.6908,0.0,0.2805962618676711,1,0
533,0.3333333333333333,0.7243,0.0,0.1521818924479562,1,0
534,0.5,0.9313,0.0,0.5443192296384659,1,0
535,0.8,0.9621,0.00205620287868403,0.7534033852160935,0,1
536,0.3333333333333333,-0.3843,0.01639344262295082,0.3471137300401689,1,0
537,0.5,0.6908,0.017094017094017096,0.5315724414238611,1,0
538,0.3333333333333333,0.8807,0.0,0.252583377763367,1,0
539,0.9435483870967742,0.9966,0.0033353547604608852,0.7931240687724413,0,1
540,0.4,0.3089,0.0,0.2891486142002608,1,0
541,0.6666666666666666,0.4404,0.0,0.4649286155564109,1,0
542,0.3333333333333333,-0.631,0.014218009478672985,0.6528522974420434,1,0
543,0.5,0.9399,0.0,0.7127286064056123,1,0
544,0.6666666666666666,0.9193,0.004219409282700422,0.5833750645918687,1,0
545,0.6666666666666666,0.5648,0.0,0.5410017044237869,1,0
546,0.3333333333333333,0.6249,0.0,0.2142018852344584,1,0
547,0.6666666666666666,0.9253,0.0036363636363636364,0.6961240855486422,1,0
548,0.6666666666666666,-0.9336,0.0068143100511073255,0.7283684114191848,0,0
549,0.5,0.9468,0.015789473684210527,0.6306895018514596,1,0
550,0.5,0.0,0.0,0.1907432427638918,1,0
551,0.3333333333333333,0.7125,0.0,0.1304199003534383,1,0
552,0.8,0.9931,0.008995502248875561,0.7337420132090249,0,1
553,0.5,0.9741,0.007874015748031496,0.5309112378885202,1,0
554,0.5,0.4939,0.0,0.5953320114639858,1,0
555,0.8,0.994,0.0,0.6463499871120345,1,0
556,0.5,-0.2263,0.0,0.4276681211368534,1,0
557,0.5,-0.919,0.005338078291814947,0.6786609967587062,1,0
558,0.5,0.7812,0.0,0.6002984498155111,1,0
559,0.5,0.0,0.0,0.5195611520553373,1,0
560,0.5,0.5244,0.041666666666666664,0.1526588670795236,1,0
561,0.5,-0.9227,0.002613240418118467,0.7511200794117225,0,0
562,0.5,-0.6369,0.0,0.5937201872027185,1,0
563,0.5714285714285714,0.9479,0.0,0.7035123308904534,1,0
564,0.5,0.9796,0.0,0.5731823410044717,1,0
565,0.7777777777777778,0.9233,0.0,0.7323823879606369,1,0
566,0.5,0.2732,0.0,0.2824867787312918,1,0
567,0.5,0.9442,0.0,0.4847140992804574,1,0
568,0.0526315789473684,0.3182,0.0,0.4409276131881478,1,0
569,0.5,0.4588,0.0,0.2268015590478188,1,0
570,0.6666666666666666,0.8852,0.006578947368421052,0.6716882481073078,1,0
571,0.5,0.6249,0.0,0.2864632850722818,1,0
572,0.5,0.7003,0.0,0.380117391263166,1,0
573,0.8,0.9653,0.004156563907170073,0.7853552059030148,0,0
574,0.5,0.765,0.0,0.2150794959312557,1,0
575,0.5,0.4404,0.0,0.2685975882425712,1,0
576,0.5714285714285714,-0.4097,0.0,0.6731834646425228,0,0
577,0.5,-0.8126,0.0,0.55694166630478,0,0
578,0.5,0.6249,0.0,0.1773368438137011,1,0
579,0.3333333333333333,0.8047,0.0,0.2985044606744145,1,0
580,0.875,-0.8419,0.0033632286995515697,0.7214613486608126,1,0
581,0.6,0.9628,0.0,0.4356648737132867,1,0
582,0.5,0.5719,0.0,0.4686886215912874,1,0
583,0.75,0.9683,0.0076045627376425855,0.6182267498335619,1,0
584,0.5,0.748,0.015748031496062992,0.6268561371586719,1,0
585,0.5,-0.2462,0.0,0.555142960319631,1,0
586,0.5,0.7003,0.015384615384615385,0.4389034667672642,1,0
587,0.6666666666666666,0.9034,0.0,0.5612963309586823,1,0
588,0.5,0.4404,0.0,0.2503104801595002,1,0
589,0.75,0.7069,0.004514672686230248,0.7449135433371289,1,0
590,0.5,0.0,0.013513513513513514,0.6356956349135654,1,0
591,0.6666666666666666,0.9231,0.0,0.5600274868578539,1,0
592,0.5,0.7777,0.0,0.7515983248540752,1,0
593,0.6666666666666666,0.7574,0.01282051282051282,0.544519959767574,1,0
594,0.6896551724137931,0.9889,0.002187705097352877,0.8144517463329857,0,0
595,0.5,0.8478,0.0,0.6019536711243925,1,0
596,0.6666666666666666,0.6428,0.02666666666666667,0.5812320108387055,1,0
597,0.5,0.7955,0.0,0.6288378596656907,0,0
598,0.5,0.9435,0.004761904761904762,0.65978060854585,1,0
599,0.6666666666666666,0.5574,0.002570694087403599,0.7021162401636418,1,0
600,0.5,0.9457,0.00847457627118644,0.554314458955529,1,0
601,0.5,0.9246,0.0,0.4364803345574132,1,0
602,0.5,0.3384,0.0,0.3317887417810213,1,0
603,0.75,0.9429,0.0,0.5583425002857646,1,0
604,0.6666666666666666,-0.4497,0.0,0.4597378040857206,1,0
605,0.75,0.4215,0.0,0.4967550135795191,1,0
606,0.95,-0.7832,0.001728608470181504,0.741344357974584,0,0
607,0.5,0.2732,0.016129032258064516,0.4219026275662015,1,0
608,0.5,0.52,0.0,0.4748507430214201,1,0
609,0.5,0.885,0.0,0.3440534515205958,1,0
610,0.3333333333333333,0.8478,0.0,0.4295278460825409,1,0
611,0.5,0.855,0.0091324200913242,0.6928279370364354,1,0
612,0.5,0.6588,0.0,0.4369547508465978,1,0
613,0.6,0.761,0.006825938566552901,0.6897321418135258,1,0
614,0.5,0.9598,0.006944444444444444,0.6279688789861301,1,0
615,0.7142857142857143,0.9888,0.0027752081406105457,0.7572690230542461,0,0
616,0.6666666666666666,0.9036,0.011904761904761904,0.4904273088228329,1,0
617,0.5,0.6249,0.0,0.1903908648044959,1,0
618,0.6666666666666666,0.9734,0.004524886877828055,0.6505083305767786,1,0
619,0.5,0.9537,0.011235955056179775,0.6307358994944906,1,0
620,0.7272727272727273,0.959,0.004524886877828055,0.5831752663086023,1,0
621,0.8,-0.6542,0.0,0.7005811035593381,0,0
622,0.5,0.9565,0.0017211703958691911,0.7600421855685361,1,0
623,0.9090909090909092,-0.2023,0.0,0.7184552398850215,0,0
624,0.5,0.8932,0.007874015748031496,0.5294761116770973,1,0
625,0.5,0.8402,0.0,0.5608583038627971,1,0
626,0.5,-0.4369,0.0,0.5930852711322966,1,0
627,0.6923076923076923,0.9049,0.0030845157310302285,0.7495892133889347,0,0
628,0.5,0.9346,0.007547169811320755,0.6763614075394393,0,0
629,0.5,-0.4767,0.0,0.3920010657620515,0,0
630,0.5,0.7777,0.0,0.2301127849410902,1,0
631,0.6666666666666666,0.3818,0.005988023952095809,0.5517672914747779,1,0
632,0.25,0.2521,0.0045045045045045045,0.5212008164454017,1,0
633,0.3333333333333333,0.069,0.0,0.2606905970908648,0,0
634,0.6666666666666666,0.8264,0.0,0.3219682818744531,1,0
635,0.75,0.2023,0.005555555555555556,0.6214490548044317,1,0
636,0.5,0.0,0.0,0.2503353010442301,1,0
637,0.5,0.5647,0.0,0.692968084274232,0,0
638,0.6666666666666666,0.923,0.003861003861003861,0.6431375755784569,1,0
639,0.5,0.9493,0.0,0.6512429860864983,1,0
640,0.8333333333333334,0.1779,0.0,0.6840224614596215,1,0
641,0.5,0.6696,0.047619047619047616,0.1992043170851505,1,0
642,0.5,-0.5994,0.0,0.641687463197118,0,0
643,0.5,-0.4767,0.0,0.3265797347868232,1,0
644,0.8163265306122449,-0.7335,0.0021598272138228943,0.7184531633548302,0,0
645,0.5,-0.8214,0.002070393374741201,0.6850540339439982,0,0
646,0.5,0.6482,0.007104795737122558,0.6646934214757164,0,0
647,0.6666666666666666,0.8129,0.003076923076923077,0.6431095982340931,1,0
648,0.5,0.7777,0.0,0.4547266283986807,1,0
649,0.5,0.0,0.0,0.3438196060599179,1,0
650,0.5,0.7405,0.0,0.1565048685668119,1,0
651,0.5,0.5642,0.0,0.2670143461344,1,0
652,0.5,0.8595,0.0021344717182497333,0.7561597954679732,0,0
653,0.5,0.7501,0.0024630541871921183,0.6976528365685198,1,0
654,0.3333333333333333,0.9787,0.0,0.5830726473480393,1,0
655,0.5,0.7003,0.0,0.4435933849169365,1,0
656,0.5,0.9221,0.013793103448275862,0.5972813889297899,1,0
657,0.5,0.826,0.005813953488372093,0.6662599159310715,0,0
658,0.7222222222222222,0.8176,0.002570694087403599,0.7005847743230119,1,0
659,0.5,0.9117,0.0,0.3411187698056269,1,0
660,0.6,-0.4282,0.0,0.6613970015902831,1,0
661,0.75,0.8772,0.00437636761487965,0.684334746405337,0,0
662,0.6,-0.2263,0.0,0.6672899240812006,0,0
663,0.6842105263157895,-0.1926,0.002277904328018223,0.6995417298191123,1,0
664,0.5,0.8516,0.030303030303030304,0.3025276242440907,1,0
665,0.5,0.5647,0.002061855670103093,0.7129132035995678,0,0
666,0.5,0.7351,0.0,0.3412148109281984,1,0
667,0.1666666666666666,0.0,0.030303030303030304,0.2861016245329478,1,0
668,0.3333333333333333,0.0,0.02564102564102564,0.4681536917285177,1,0
669,0.5,0.7351,0.0,0.2055454362784814,1,0
670,0.3333333333333333,0.8658,0.0,0.4334723435736879,1,0
671,0.75,0.5697,0.0061162079510703364,0.712477987437266,0,0
672,0.3333333333333333,0.8481,0.0,0.2147210718767304,1,0
673,0.8125,-0.9507,0.001336898395721925,0.6950462877993279,0,0
674,0.2857142857142857,-0.8126,0.0,0.596806640015029,1,0
675,0.5,-0.7207,0.00423728813559322,0.6581787202967866,0,0
676,0.2857142857142857,0.8937,0.004210526315789474,0.696037153861807,1,0
677,0.6666666666666666,0.4404,0.0,0.2173601100825286,1,0
678,0.5,0.6249,0.0,0.1460605984277387,0,0
679,0.5714285714285714,-0.3894,0.004470938897168405,0.7093721077968441,0,0
680,0.3333333333333333,0.0,0.0,0.4871427516043331,1,0
681,0.8181818181818182,0.1531,0.0,0.5894038798010652,1,0
682,0.5,0.3071,0.0,0.5612278518533789,1,0
683,0.5,0.7096,0.0,0.3213448033479859,1,0
684,0.5,0.969,0.016129032258064516,0.428781116347767,1,0
685,0.3333333333333333,0.4927,0.029411764705882353,0.239871550244012,1,0
686,0.5,-0.5399,0.0,0.4669097102703883,0,0
687,0.6666666666666666,-0.9599,0.002161383285302594,0.7383714977577005,0,0
688,0.6,-0.7172,0.012738853503184714,0.5891827036746629,1,0
689,0.8571428571428571,-0.6597,0.0,0.7018044493694549,0,0
690,0.5,0.6249,0.0,0.1681774217304706,1,0
691,0.5,0.5399,0.0,0.6494546196875195,1,0
692,0.6666666666666666,0.4927,0.047619047619047616,0.1557501818370213,1,0
693,0.5,0.0,0.0,0.6454886861343028,0,0
694,0.5,0.8957,0.0,0.5083831304982498,1,0
695,0.5,0.4215,0.014925373134328358,0.5013676366467368,1,0
696,0.5,0.9093,0.0,0.6280587958821776,0,0
697,0.9591836734693876,0.9827,0.002973977695167286,0.8173773603039787,0,0
698,0.5,-0.5529,0.002777777777777778,0.696138976535896,0,0
699,0.75,0.8555,0.0,0.5808713257659315,1,0
700,0.3333333333333333,-0.6405,0.00423728813559322,0.6642520984245383,0,0
701,0.8333333333333334,-0.7477,0.0,0.7546094577854974,1,0
702,0.5,0.6249,0.0,0.2278021336330936,1,0
703,0.3333333333333333,0.9682,0.0,0.5800125997640138,1,0
704,0.5,0.7906,0.0,0.2286239545945543,1,0
705,0.5,0.6249,0.0,0.3366499023040523,1,0
706,0.75,0.9081,0.005226480836236934,0.7112865995046972,0,0
707,0.75,0.9373,0.0,0.6848037724902899,1,0
708,0.5,0.965,0.005405405405405406,0.5769274898484029,0,0
709,0.5,0.8122,0.008403361344537815,0.6427468824129685,0,0
710,0.925925925925926,-0.3853,0.0,0.696389993134758,0,0
711,0.3333333333333333,-0.3987,0.003875968992248062,0.6596944635217028,0,0
712,0.8333333333333334,0.0387,0.0,0.6290643424239243,1,0
713,0.7142857142857143,0.6787,0.006472491909385114,0.6832798315954095,0,0
714,0.6666666666666666,0.9432,0.0,0.461160644915566,1,0
715,0.5,0.7266,0.001349527665317139,0.7367870481000778,0,0
716,0.5,0.2617,0.05319148936170213,0.4956959550842431,1,0
717,0.6666666666666666,0.7334,0.018518518518518517,0.27135226680997,1,0
718,0.5,0.784,0.007722007722007722,0.6405609808317315,1,0
719,0.6818181818181818,-0.8395,0.007692307692307693,0.7060289772944996,1,0
720,0.6666666666666666,0.8519,0.006134969325153374,0.6304007681543686,0,0
721,0.6666666666666666,-0.0129,0.0,0.6893771141426435,1,0
722,0.8,-0.9582,0.0013908205841446453,0.7463655951823462,0,0
723,0.5,0.457,0.0,0.682542321837719,1,0
724,0.75,0.0,0.02666666666666667,0.522128627904332,1,0
725,0.5,0.0,0.017857142857142856,0.6357696414200472,1,0
726,0.8,-0.9498,0.007246376811594203,0.6308747442793258,1,0
727,0.25,0.296,0.0,0.1719654577111842,1,0
728,0.5,0.8795,0.0064516129032258064,0.5325998639392174,1,0
729,0.3333333333333333,0.9567,0.005136986301369863,0.7062715130770666,1,0
730,0.7142857142857143,0.3197,0.0045871559633027525,0.7047899492432484,0,0
731,0.5,0.9491,0.008547008547008548,0.6309779532035336,1,0
732,0.3333333333333333,0.0,0.0,0.3281665363134645,1,0
733,0.6666666666666666,0.6369,0.015873015873015872,0.5857795310082596,1,0
734,0.6666666666666666,0.743,0.0,0.5659793437055923,1,0
735,0.5,0.9607,0.018633540372670808,0.509495722461689,0,0
736,0.3333333333333333,0.7779,0.023076923076923078,0.453239133859505,1,0
737,0.25,0.4184,0.0,0.5636647958132831,1,0
738,0.5,0.0,0.0,0.1647154339931952,1,0
739,0.3333333333333333,-0.802,0.0042643923240938165,0.6564440573736827,1,0
740,0.6666666666666666,0.8708,0.0,0.6642203166038081,1,0
741,0.6666666666666666,-0.5719,0.0,0.7020157760658865,0,0
742,0.8571428571428571,-0.9506,0.003740648379052369,0.7605772274910768,0,0
743,0.5,-0.7523,0.0,0.6591231674042652,0,0
744,0.5,0.4215,0.0,0.5622400102600125,0,0
745,0.5,0.8442,0.0,0.6505058009414688,1,0
746,0.5,0.714,0.0,0.5895957155429087,1,0
747,0.3333333333333333,0.4404,0.0,0.1302460897292585,0,0
748,0.7857142857142857,-0.6103,0.003125,0.63827317822602,1,0
749,0.3333333333333333,-0.5499,0.0,0.5488019574646557,0,0
750,0.8333333333333334,0.5851,0.0,0.6232717707238122,1,0
751,0.6666666666666666,0.8795,0.0,0.654898849969077,0,0
752,0.5,0.9552,0.012658227848101266,0.5875173548277373,1,0
753,0.3333333333333333,0.8588,0.0,0.3499844605914852,1,0
754,0.6666666666666666,0.9001,0.0,0.5640198030290771,1,0
755,0.5,0.6588,0.0,0.6607543117263002,1,0
756,0.6666666666666666,0.8313,0.0,0.6140131894210434,1,0
757,0.5,0.9696,0.0,0.5362736383490315,1,0
758,0.3333333333333333,0.6249,0.0,0.1942933425456051,1,0
759,0.8333333333333334,0.8505,0.0,0.6205570491851732,0,0
760,0.5,0.9654,0.004524886877828055,0.7020297469467396,1,0
761,0.7142857142857143,0.7964,0.0,0.5476028989953307,1,0
762,0.5,-0.7789,0.0,0.7721379553193788,0,0
763,0.5,0.7717,0.0,0.5844950409467774,0,0
764,0.6,0.9828,0.00641025641025641,0.7042053781560391,0,0
765,0.2,0.5719,0.0,0.140804783683786,1,0
766,0.5,0.8214,0.0,0.4635017925675683,1,0
767,0.8,0.0,0.015625,0.5140603996734946,1,0
768,0.5,-0.3941,0.0017241379310344827,0.7737350329251037,0,0
769,0.9090909090909092,0.8828,0.006818181818181818,0.6923771400516437,0,0
770,0.5,0.8457,0.013793103448275862,0.6419254504901373,1,0
771,0.6,0.0,0.0,0.3107089839338289,1,0
772,0.5,-0.877,0.004048582995951417,0.6825300093116072,0,0
773,0.5,0.7777,0.008670520231213872,0.6351952537789963,1,0
774,0.8333333333333334,0.6669,0.01,0.6613276422896979,1,0
775,0.6666666666666666,0.811,0.004807692307692308,0.5325035269324822,1,0
776,0.3333333333333333,0.0,0.029411764705882353,0.2591477535127727,1,0
777,0.5,-0.699,0.012578616352201259,0.6083381230132977,1,0
778,0.25,0.807,0.0,0.2986353649219801,1,0
779,0.6,0.2755,0.0,0.6454662744399912,1,0
780,0.5,0.8187,0.0027819387973464582,0.8030956755792713,0,0
781,0.3333333333333333,0.4754,0.0,0.162320654539753,1,0
782,0.5,0.9849,0.0,0.6695835318692871,0,0
783,0.5,0.2732,0.0,0.6743508506271738,1,0
784,0.3333333333333333,-0.6652,0.0,0.3637623122239364,1,0
785,0.3333333333333333,0.7184,0.0,0.2423814442485606,1,0
786,0.5,-0.1655,0.0,0.4620326401340481,1,0
787,0.8333333333333334,0.9869,0.008728179551122194,0.7123570131358354,1,0
788,0.6666666666666666,0.9245,0.00684931506849315,0.6043952980703449,1,0
789,0.6666666666666666,0.983,0.003978779840848806,0.7176359887562178,1,0
790,0.6666666666666666,0.0,0.0,0.2419374699418998,0,0
791,0.875,0.912,0.003703703703703704,0.6555542277558529,1,0
792,0.3333333333333333,0.8555,0.0,0.488800280355257,1,0
793,0.25,0.8137,0.0,0.5967774454583634,1,0
794,0.6666666666666666,0.8553,0.014925373134328358,0.3780385554637765,1,0
795,0.7,0.8386,0.007782101167315175,0.5679517280042421,1,0
796,0.25,0.6369,0.0,0.1496827625618133,1,0
797,0.7142857142857143,-0.1784,0.006802721088435374,0.5520922020976702,1,0
798,0.6,-0.8534,0.0,0.7432312982769275,0,0
799,0.5,0.8553,0.0,0.5054821748292574,1,0
800,0.6666666666666666,0.8949,0.006211180124223602,0.7120715205496916,1,0
801,0.875,0.9611,0.00684931506849315,0.6273675372944024,0,0
802,0.8,0.9715,0.0024529844644317253,0.7477367658241392,1,0
803,0.0833333333333333,0.0,0.0,0.3722712909973282,1,0
804,0.5,0.6249,0.0,0.1681774217304706,1,0
805,0.75,0.976,0.0,0.6298000446353847,1,0
806,0.7142857142857143,0.9303,0.009615384615384616,0.5959017143411356,1,0
807,0.7222222222222222,-0.6486,0.0,0.5655382852675417,1,0
808,0.6666666666666666,0.8818,0.041666666666666664,0.4318883437112097,1,0
809,0.7142857142857143,0.9691,0.0,0.6309901946428171,0,0
810,0.4,0.8714,0.0,0.5600467314819781,1,0
811,0.5,0.9707,0.009708737864077669,0.5086542375706746,1,0
812,0.5,0.8883,0.0,0.4830197363438128,1,0
813,0.25,0.0,0.0,0.5620124354720809,1,0
814,0.5,0.9026,0.006521739130434782,0.6734920576664518,1,0
815,0.75,0.5229,0.007352941176470588,0.6613699600339975,0,0
816,0.2857142857142857,0.63,0.010025062656641603,0.6218139866883079,1,0
817,0.6,0.9892,0.0,0.5967921984252865,0,0
818,0.5,0.891,0.008695652173913044,0.5243521336887312,1,0
819,0.75,0.888,0.0,0.5898185621426545,1,0
820,0.5,-0.6542,0.002881844380403458,0.6229625546728469,0,0
821,0.6,0.9152,0.004045853000674309,0.7572900099454131,0,0
822,0.6666666666666666,0.9617,0.0,0.6349221759760664,1,0
823,0.5,0.8804,0.0,0.7031200851444921,0,0
824,0.8333333333333334,0.1971,0.0035650623885918,0.6884358542894732,0,0
825,0.5,0.7133,0.0,0.4755288916691684,1,0
826,0.5,0.9508,0.0,0.6042478859142828,1,0
827,0.88,-0.8107,0.0025575447570332483,0.7051938256073499,0,0
828,0.5,-0.9271,0.009041591320072333,0.7043007319299694,0,0
829,0.5,0.9565,0.004694835680751174,0.6383515321343411,1,0
830,0.6,-0.1172,0.003913894324853229,0.7259469546817102,0,0
831,0.75,0.9394,0.006172839506172839,0.5611120600730524,1,0
832,0.5,-0.1227,0.0,0.7178215534228146,0,0
833,0.8,0.2838,0.002403846153846154,0.6582791748510834,1,0
834,0.5,-0.6486,0.0,0.5141541270152636,1,0
835,0.8,0.8357,0.011904761904761904,0.6329728081055936,1,0
836,0.5,0.8356,0.01092896174863388,0.5328786821034294,1,0
837,0.5,-0.816,0.001697792869269949,0.7100799291555605,0,0
838,0.8333333333333334,0.4497,0.007246376811594203,0.6511390361241755,1,0
839,0.8793103448275862,0.6133,0.007211538461538462,0.7449456982042834,0,0
840,0.75,-0.5719,0.0037313432835820895,0.6888604176123191,1,0
841,0.25,0.897,0.016,0.587152728973009,1,0
842,0.4285714285714285,0.25,0.0,0.7648105837523014,0,0
843,0.6666666666666666,-0.1114,0.002680965147453083,0.639234741870864,1,0
844,0.5,0.8702,0.010101010101010102,0.524144346752761,1,0
845,0.5,0.9416,0.002,0.69123952180934,1,0
846,0.75,0.784,0.019230769230769232,0.4686787884986364,1,0
847,0.7,-0.3624,0.005208333333333333,0.6447542044461441,1,0
848,0.7,0.8707,0.0,0.5851820594096646,1,0
849,0.6,-0.9115,0.0,0.5755934675235637,1,0
850,0.5,-0.8173,0.018726591760299626,0.676805953235489,0,0
851,0.5,0.2966,0.01,0.6682657543419236,1,0
852,0.2222222222222222,0.9623,0.0,0.4823063625996087,1,0
853,0.5,0.9246,0.0,0.6482792361181916,1,0
854,0.5,0.8934,0.0,0.58603968260767,1,0
855,0.8888888888888888,-0.9294,0.005988023952095809,0.6765016668273105,0,0
856,0.906040268456376,0.962,0.006896551724137931,0.6229746562072274,1,0
857,0.5,-0.1531,0.0,0.617623311417353,1,0
858,0.5,-0.792,0.002232142857142857,0.6597331847211129,1,0
859,0.5,0.8979,0.0,0.7129388832965736,1,0
860,0.6666666666666666,-0.0857,0.0,0.6795804851720751,1,0
861,0.5,0.9766,0.0,0.6030114056599326,1,0
862,0.5,0.7973,0.0,0.5869111625821284,1,0
863,0.3333333333333333,0.9442,0.0,0.5938386913673485,1,0
864,0.75,0.9874,0.00228310502283105,0.6911562507022506,0,0
865,0.5,-0.8016,0.023696682464454975,0.688431977309187,0,0
866,0.5,-0.0772,0.0022271714922048997,0.730268883430516,1,0
867,0.75,-0.7253,0.0030211480362537764,0.7122835309378495,0,0
868,0.5,0.6908,0.0,0.5176534271942304,1,0
869,0.6666666666666666,0.8301,0.0,0.6906177981435816,1,0
870,0.5,0.7089,0.006993006993006993,0.528562208716332,1,0
871,0.3333333333333333,0.0,0.0,0.6960538273702516,1,0
872,0.3333333333333333,0.765,0.0,0.2313085803725574,1,0
873,0.3333333333333333,0.909,0.006060606060606061,0.6038242142765236,1,0
874,0.7142857142857143,0.9818,0.00202020202020202,0.7084402781029139,1,0
875,0.5,-0.3291,0.0,0.6290645372976252,1,0
876,0.5,0.9062,0.008849557522123894,0.5927643190882043,1,0
877,0.5,-0.6838,0.0026455026455026454,0.7098581666632957,1,0
878,0.5,-0.9642,0.002242152466367713,0.7317361059236368,0,0
879,0.5,0.8883,0.012658227848101266,0.5399844176501281,1,0
880,0.6,0.9349,0.0,0.4240036127020011,1,0
881,0.5,0.8652,0.0,0.6235469361272186,1,0
882,0.75,0.6111,0.0012121212121212121,0.7196471113292058,1,0
883,0.5,-0.6269,0.0028169014084507044,0.645818247582741,1,0
884,0.6666666666666666,0.944,0.007407407407407408,0.6021858974285024,1,0
885,0.6666666666666666,0.6976,0.004784688995215311,0.6531425031166841,1,0
886,0.8584070796460177,0.7978,0.0,0.7097226045882993,1,0
887,0.5,0.8981,0.0,0.6154029399139115,1,0
888,0.9166666666666666,-0.8072,0.0,0.5799063411216551,0,0
889,0.875,0.7766,0.0,0.6307233918635071,1,0
890,0.75,0.0,0.01,0.5211030906112303,1,0
891,0.8571428571428571,0.7906,0.0,0.5436042406929298,1,0
892,0.7857142857142857,0.8986,0.007633587786259542,0.5854703627592986,1,0
893,0.3333333333333333,0.3089,0.0,0.583061378260708,0,0
894,0.5,0.0,0.0,0.7447709642038254,0,0
895,0.5,0.5889,0.0049504950495049506,0.611623829802889,1,0
896,0.6,0.3451,0.0034129692832764505,0.6928293769044791,1,0
897,0.8333333333333334,0.9146,0.015789473684210527,0.6269254273802474,1,0
898,0.8,0.9629,0.0039447731755424065,0.6775497834223092,1,0
899,0.5,0.9669,0.006711409395973154,0.5857347527683098,1,0
900,0.5,0.8951,0.0026954177897574125,0.6589870227632608,1,0
901,0.3333333333333333,-0.2484,0.008,0.5486402053306058,1,0
902,0.4,0.8286,0.006920415224913495,0.6365341232522964,1,0
903,0.5,0.9415,0.00749063670411985,0.5626088593698245,1,0
904,0.5,0.6157,0.0018050541516245488,0.6952966327519181,1,0
905,0.1666666666666666,0.8846,0.0,0.6119877275831132,1,0
906,0.5,0.7936,0.005628517823639775,0.7015967441282882,0,0
907,0.5,-0.1027,0.013986013986013986,0.5246369634443967,1,0
908,0.6666666666666666,0.8655,0.009433962264150943,0.6710863612270409,1,0
909,0.3333333333333333,0.9442,0.0,0.479101999688378,1,0
910,0.5,0.9474,0.01694915254237288,0.4287342837001228,1,0
911,0.95,-0.3636,0.0007818608287724785,0.7624752910296761,0,0
912,0.75,-0.4788,0.0,0.6925010941450521,0,0
913,0.5,0.4404,0.0,0.576016003066397,1,0
914,0.8,0.902,0.0,0.6509269843237088,1,0
915,0.5,0.9313,0.0,0.4601094137251216,1,0
916,0.8,0.802,0.0,0.6629841743480281,0,0
917,0.7142857142857143,0.9065,0.001594896331738437,0.7244763432212554,1,0
918,0.6,0.3685,0.0,0.5401841661714698,1,0
919,0.5,-0.0258,0.0056179775280898875,0.6627218166806307,0,0
920,0.3333333333333333,0.9313,0.005235602094240838,0.6893975284222181,1,0
921,0.8888888888888888,0.8244,0.0,0.5821709457960736,1,0
922,0.8,-0.9547,0.0,0.760632491865896,0,0
923,0.6,0.932,0.006097560975609756,0.6433080253187022,1,0
924,0.6666666666666666,-0.2401,0.0,0.659793157051278,1,0
925,0.75,0.0,0.008333333333333333,0.683580681143581,1,0
926,0.3333333333333333,-0.7026,0.0032258064516129032,0.7387016858711118,0,0
927,0.5,0.4646,0.0,0.6072522781332043,1,0
928,0.5,-0.8119,0.032520325203252036,0.4767211834642543,0,0
929,0.8,0.8517,0.005861664712778429,0.7266560417247361,0,0
930,0.6363636363636364,0.9081,0.0,0.7164051327858885,1,0
931,0.5,0.9294,0.0,0.5701175226899634,1,0
932,0.75,-0.3444,0.005050505050505051,0.7002644229277792,0,0
933,0.75,0.8151,0.0,0.7109768596582637,1,0
934,0.5,0.7747,0.005376344086021506,0.7030295832732493,0,0
935,0.9202127659574468,0.9336,0.004329004329004329,0.6983268042244447,1,0
936,0.25,0.8395,0.015151515151515152,0.5736026801849688,1,0
937,0.6666666666666666,0.9325,0.013245033112582781,0.6183018389369587,0,0
938,0.7142857142857143,-0.5255,0.0,0.6151703626571597,0,0
939,0.7142857142857143,0.9303,0.007102272727272727,0.7044453990761822,1,0
940,0.5,0.8534,0.0,0.5632592421491832,1,0
941,0.5,0.4926,0.0,0.6597978394142897,1,0
942,0.125,-0.9326,0.0,0.5015335576484811,1,0
943,0.5,0.6892,0.0,0.5731400620461126,1,0
944,0.7142857142857143,0.8625,0.003169572107765452,0.7041039055005892,0,0
945,0.6666666666666666,0.4055,0.00196078431372549,0.7226681606786057,0,0
946,0.5,-0.8208,0.003472222222222222,0.6727695729869503,0,0
947,0.8571428571428571,0.9932,0.006892895015906681,0.7548692953937669,0,0
948,0.5,0.8932,0.008368200836820083,0.658467705828741,1,0
949,0.5,0.9022,0.0,0.6371480992106656,1,0
950,0.5,0.4939,0.0,0.7101250973421336,1,0
951,0.5,0.8155,0.0,0.6619078913343466,1,0
952,0.6,0.4404,0.0,0.5311369493652716,1,0
953,0.6666666666666666,0.8977,0.009615384615384616,0.6301798765353976,1,0
954,0.75,0.6588,0.0,0.670926390725179,1,0
955,0.8333333333333334,-0.7537,0.00819672131147541,0.6546691948794,1,0
956,0.6666666666666666,0.5928,0.0,0.6920754474720391,0,0
957,0.3333333333333333,0.9231,0.0,0.4848372046018979,1,0
958,0.5,0.8996,0.0018214936247723133,0.6609673013735271,0,0
959,0.5555555555555556,0.6075,0.0012391573729863693,0.7408548988811599,0,0
960,0.8493150684931506,0.8829,0.002680965147453083,0.7044427862378598,1,0
961,0.8,0.0516,0.0,0.6041391454133325,1,0
962,0.75,0.9517,0.0,0.6812565965767787,1,0
963,0.8,-0.5538,0.008130081300813009,0.7362964619066285,0,0
964,0.6,0.7364,0.004201680672268907,0.6379555400104148,0,0
965,0.5,-0.9089,0.004347826086956522,0.7302995291487806,0,0
966,0.5,0.7003,0.0,0.5636629478759618,1,0
967,0.5714285714285714,-0.4767,0.0,0.5858963885477197,1,0
968,0.75,0.9371,0.011049723756906077,0.6066457855988978,1,0
969,0.6666666666666666,-0.9432,0.0,0.6331315743929437,0,0
970,0.75,0.94,0.0,0.6374187449284833,1,0
971,0.6666666666666666,-0.9058,0.0,0.7419974068759349,0,0
972,0.5,0.9793,0.00228310502283105,0.7105174463664494,0,0
973,0.6666666666666666,0.944,0.004484304932735426,0.6366956845304508,1,0
974,0.6666666666666666,-0.816,0.0031847133757961785,0.6743388593048574,0,0
975,0.6666666666666666,0.9592,0.0049504950495049506,0.599694467874793,1,0
976,0.6,-0.8743,0.0033783783783783786,0.7043989166491436,0,0
977,0.75,0.9884,0.005917159763313609,0.626647503403391,1,0
978,0.5,-0.7914,0.004728132387706856,0.671397575012568,0,0
979,0.3333333333333333,0.9051,0.009433962264150943,0.5303767594511244,1,0
980,0.8571428571428571,0.9418,0.0023923444976076554,0.6707441618670699,1,0
981,0.6666666666666666,-0.6808,0.0,0.5818394501778802,0,0
982,0.7142857142857143,0.8858,0.008522727272727272,0.6073616548467414,1,0
983,0.8333333333333334,0.9538,0.00847457627118644,0.6425034931978939,1,0
984,0.8,0.9979,0.0028308563340410475,0.7622801572995218,1,0
985,0.8,0.9544,0.0020983213429256594,0.7814366033778551,0,0
986,0.5,0.8972,0.0017761989342806395,0.6963256704208448,1,0
987,0.9166666666666666,0.9668,0.0015,0.7652534491672602,0,0
988,0.75,-0.5829,0.0039603960396039604,0.6945376348565931,0,0
989,0.75,0.9359,0.007751937984496124,0.6041914514479972,1,0
990,0.3333333333333333,-0.6124,0.0,0.6051005691390683,1,0
991,0.8695652173913043,0.9464,0.007633587786259542,0.5685973152115651,1,0
992,0.5,0.7783,0.0,0.6086791229458965,1,0
993,0.75,0.6124,0.0,0.5464624836341914,1,0
994,0.6666666666666666,0.8447,0.0026954177897574125,0.6616485261998669,0,0
995,0.8,0.9894,0.0017605633802816902,0.702329839027133,1,0
996,0.5,-0.886,0.0,0.6323437159288334,0,0
997,0.75,-0.1298,0.0,0.5686526255504939,1,0
998,0.5,0.9529,0.00411522633744856,0.6260751290217325,1,0
999,0.75,0.7374,0.0034965034965034965,0.6377064625808824,1,0
1000,0.6666666666666666,0.9349,0.0,0.6098420856623569,1,0
1001,0.9,-0.7805,0.013452914798206279,0.7075995373783374,1,0
1002,0.5,0.7579,0.006369426751592357,0.6352398585621178,1,0
1003,0.75,0.9606,0.004310344827586207,0.6463527785504493,1,0
1004,0.8333333333333334,-0.9178,0.006896551724137931,0.6963293834065467,0,0
1005,0.9037037037037036,0.2617,0.0029154518950437317,0.6595762144535764,1,0
1006,0.7272727272727273,-0.2791,0.0025477707006369425,0.7218842458777337,1,0
1007,0.4,0.7845,0.0,0.6550088373425147,1,0
1008,0.6666666666666666,0.8475,0.0,0.5773479785825087,1,0
1009,0.6666666666666666,0.9072,0.0,0.6075759810937171,1,0
1010,0.8571428571428571,-0.945,0.0,0.6248322065824045,0,0
1011,0.5,0.9255,0.0,0.6612780109159938,1,0
1012,0.5,0.864,0.0,0.6109085372049933,1,0
1013,0.875,-0.5719,0.0,0.6407656212800877,0,0
1014,0.5,0.9161,0.0,0.6112433368165556,1,0
1015,0.6666666666666666,0.8885,0.0,0.5812238175069672,1,0
1016,0.6,0.9048,0.0,0.6471061991240208,1,0
1017,0.5,0.0,0.0,0.6706881522071463,1,0
1018,0.5,0.8176,0.010416666666666666,0.6924926950830547,1,0
1019,0.6666666666666666,0.9524,0.0045662100456621,0.6407325099462461,1,0
1020,0.75,0.9098,0.017857142857142856,0.5438951856072333,1,0
1021,0.6666666666666666,0.5617,0.0,0.4851532718001489,1,0
1022,0.6666666666666666,0.8795,0.00423728813559322,0.6126475910313878,1,0
1023,0.5,0.139,0.0028776978417266188,0.7379850168424041,0,0
1024,0.8,-0.7964,0.0,0.6833628344465104,1,0
1025,0.3333333333333333,0.9372,0.022727272727272728,0.5620152163190744,1,0
1026,0.6666666666666666,0.6249,0.002105263157894737,0.6876203199690493,1,0
1027,0.9,0.8972,0.00468384074941452,0.6668218400951798,1,0
1028,0.6666666666666666,0.9565,0.003484320557491289,0.6222847333310221,1,0
1029,0.5,-0.25,0.002976190476190476,0.7250895705176966,0,0
1030,0.3333333333333333,0.4767,0.0,0.6516928312505498,1,0
1031,0.5,0.8994,0.0,0.6503544267532585,1,0
1032,0.5,-0.7193,0.0,0.4221743323589945,1,0
1033,0.6666666666666666,0.3612,0.009708737864077669,0.6916170884665631,0,0
1034,0.5,-0.959,0.0,0.6406392025954619,0,0
1035,0.5,0.6597,0.0,0.6996615157508166,1,0
1036,0.5,-0.9017,0.01020408163265306,0.670358131725135,0,0
1037,0.5,0.9826,0.00392156862745098,0.5947905904385815,1,0
1038,0.5,0.9739,0.002702702702702703,0.6397803525231847,0,0
1039,0.6666666666666666,0.8016,0.017094017094017096,0.5375253789391529,1,0
1040,0.5,0.4878,0.018292682926829267,0.5992918496959612,1,0
1041,0.75,0.6396,0.0,0.6902603586429418,0,0
1042,0.3333333333333333,0.7003,0.0,0.7114896976630927,1,0
1043,0.75,-0.9631,0.0,0.5850447925871124,1,0
1044,0.5,-0.8693,0.0033783783783783786,0.6552222645964807,0,0
1045,0.75,0.9348,0.0,0.6316324483593353,1,0
1046,0.4,0.3591,0.0,0.5860494106833093,0,0
1047,0.8,0.4215,0.005555555555555556,0.5578959839519392,0,0
1048,0.6666666666666666,0.9538,0.00819672131147541,0.655213163933348,1,0
1049,0.75,0.8689,0.0,0.6077172762944556,1,0
1050,0.75,0.6249,0.007936507936507936,0.6608392133320423,1,0
1051,0.9090909090909092,0.9896,0.005509641873278237,0.7509031977496908,1,0
1052,0.5,0.2846,0.0,0.6956744683094702,1,0
1053,0.5,0.6462,0.009259259259259259,0.5779350674889889,1,0
1054,0.6666666666666666,-0.917,0.0,0.6354926440707597,0,0
1055,0.2222222222222222,0.1582,0.0,0.6675131541030778,1,0
1056,0.6666666666666666,0.9581,0.0,0.6171583522190162,1,0
1057,0.6666666666666666,-0.647,0.008620689655172414,0.5731474317844434,1,0
1058,0.75,0.256,0.00667779632721202,0.7169525955731837,0,0
1059,0.7083333333333334,-0.7917,0.003218884120171674,0.7326282317460996,0,0
1060,0.5,0.9971,0.0022252441587340835,0.8320322976514776,1,0
1061,0.9,0.9894,0.006611570247933884,0.7355579698592052,0,0
1062,0.8421052631578947,0.4461,0.004819277108433735,0.679501427398981,0,0
1063,0.5,0.1071,0.0,0.6712307236390863,0,0
1064,0.8333333333333334,0.9371,0.0,0.583960130024012,1,0
1065,0.5,0.1027,0.0,0.5897480317102697,0,0
1066,0.75,0.957,0.002599090318388564,0.773966643501072,0,0
1067,0.5,-0.5984,0.002403846153846154,0.7034593581836335,0,0
1068,0.5,-0.9211,0.0,0.6947584141818183,0,0
1069,0.5,0.8151,0.0,0.6611644950059463,1,0
1070,0.8333333333333334,-0.9566,0.006097560975609756,0.6946969030014567,0,0
1071,0.5,0.5974,0.002036659877800407,0.6527009428086595,0,0
1072,0.5,0.6445,0.005865102639296188,0.6355710367082671,1,0
1073,0.6666666666666666,0.3612,0.0,0.6414270551427743,1,0
1074,0.5,-0.9285,0.0014947683109118087,0.7255878069869401,0,0
1075,0.6666666666666666,0.34,0.004310344827586207,0.6896213532422564,0,0
1076,0.5,0.7624,0.0,0.5048970308330293,1,0
1077,0.3333333333333333,0.4304,0.0036101083032490976,0.6154800340178682,1,0
1078,0.7272727272727273,-0.9462,0.003902439024390244,0.7110052173150667,1,0
1079,0.75,0.9503,0.0,0.5363739992245372,1,0
1080,0.3333333333333333,0.9952,0.004803073967339097,0.7307093863859863,0,0
1081,0.6,-0.7739,0.0055248618784530384,0.6216382839886205,0,0
1082,0.75,-0.7162,0.0017889087656529517,0.6903297824679384,0,0
1083,0.5,-0.6708,0.0025974025974025974,0.694391854240267,1,0
1084,0.8,0.8856,0.0037429819089207735,0.7691782073192225,0,0
1085,0.5,0.2142,0.003484320557491289,0.6405932172109513,1,0
1086,0.75,-0.5991,0.00392156862745098,0.6481765476666319,0,0
1087,0.2142857142857142,-0.9041,0.0,0.5202237167607779,1,0
1088,0.5,0.7311,0.0,0.6989618311601766,1,0
1089,0.8125,-0.856,0.005405405405405406,0.6775498808680814,0,0
1090,0.7837837837837838,-0.7767,0.002328288707799767,0.7481363667718771,0,0
1091,0.6666666666666666,0.1531,0.0,0.657199948871094,0,0
1092,0.9473684210526316,0.2983,0.006462035541195477,0.7135012282630623,0,0
1093,0.875,-0.7362,0.0,0.6536231896319161,0,0
1094,0.75,-0.6088,0.0,0.5957162366851048,1,0
1095,0.7777777777777778,0.4759,0.005076142131979695,0.7018579462758877,1,0
1096,0.6666666666666666,0.1531,0.0,0.6516610358070589,1,0
1097,0.5,-0.8591,0.0,0.4742583618676217,1,0
1098,0.75,0.9352,0.0045662100456621,0.6319558429775489,1,0
1099,0.5,0.9856,0.007751937984496124,0.6785297218582281,0,0
1100,0.6666666666666666,0.9144,0.0,0.4244373933530914,1,0
1101,0.6,-0.0823,0.0,0.5996162072134026,0,0
1102,0.5,0.962,0.015267175572519083,0.6447692785128294,1,0
1103,0.5,-0.8807,0.0,0.6921048167233047,1,0
1104,0.3333333333333333,0.9773,0.0022988505747126436,0.6712285608736394,1,0
1105,0.8,0.8829,0.004149377593360996,0.6605612907265872,1,0
1106,0.8333333333333334,-0.5267,0.0,0.7162528002041498,0,0
1107,0.5,0.8898,0.020100502512562814,0.6036277576135979,0,0
1108,0.6,0.8008,0.005291005291005291,0.6070659328252163,1,0
1109,0.5,0.7569,0.0,0.6438992839388924,0,0
1110,0.9705882352941176,0.2732,0.0,0.6491632869633915,1,0
1111,0.6666666666666666,-0.6466,0.012232415902140673,0.6441139683692754,0,0
1112,0.7272727272727273,0.8176,0.0,0.589290921917274,0,0
1113,0.6666666666666666,0.4984,0.008571428571428572,0.6569964587573325,0,0
1114,0.6666666666666666,-0.6351,0.0,0.7031487776062564,0,0
1115,0.6666666666666666,0.9557,0.0,0.6786047504458903,1,0
1116,0.5,0.954,0.0,0.712412655972035,1,0
1117,0.8529411764705882,0.9458,0.0023094688221709007,0.7357881384714291,1,0
1118,0.3333333333333333,0.4295,0.0,0.6217997051837123,1,0
1119,0.8,-0.2146,0.003125,0.7068814657176593,0,0
1120,0.5,0.9361,0.0,0.506799679861051,1,0
1121,0.6363636363636364,0.8418,0.008522727272727272,0.6415976442870118,0,0
1122,0.75,-0.886,0.0,0.6076870300284092,0,0
1123,0.75,0.9393,0.009873060648801129,0.6942728001297701,1,0
1124,0.6666666666666666,0.8072,0.0,0.7187119484788841,1,0
1125,0.6666666666666666,0.8831,0.010714285714285714,0.6664578897263186,1,0
1126,0.5,0.9478,0.006944444444444444,0.7351600770396276,0,0
1127,0.5555555555555556,0.9455,0.00423728813559322,0.7208995098519152,1,0
1128,0.6666666666666666,0.8477,0.0030864197530864196,0.6886568708942317,1,0
1129,0.5,-0.8992,0.0028011204481792717,0.6430895092276916,1,0
1130,0.9,0.7096,0.0,0.680928458069303,1,0
1131,0.75,0.9322,0.00425531914893617,0.7569860280127857,0,0
1132,0.6,0.9423,0.0019723865877712033,0.6905141192086017,1,0
1133,0.9014084507042254,0.2359,0.0018315018315018315,0.6982651135003186,0,0
1134,0.5714285714285714,0.4588,0.0,0.6014554088707396,0,0
1135,0.5,-0.7351,0.00909090909090909,0.5849864684406973,0,0
1136,0.5,0.6908,0.008620689655172414,0.54004597834349,1,0
1137,0.75,0.7941,0.002976190476190476,0.6900500041269719,0,0
1138,0.75,0.1283,0.005825242718446602,0.6966207032398323,0,0
1139,0.8,-0.8595,0.0014184397163120568,0.736256492719245,0,0
1140,0.75,0.9893,0.010471204188481676,0.6989559824859399,0,0
1141,0.8,0.7609,0.0034904013961605585,0.7513948373889543,1,0
1142,0.6666666666666666,0.9363,0.0,0.5139591686347439,1,0
1143,0.5,0.3337,0.0043859649122807015,0.6665900771809751,1,0
1144,0.6666666666666666,0.9429,0.009174311926605505,0.6569429386477931,1,0
1145,0.75,0.9114,0.02127659574468085,0.5887294903746886,1,0
1146,0.5,0.273,0.005747126436781609,0.5859208673436421,1,0
1147,0.6666666666666666,-0.7435,0.008379888268156424,0.654945495956719,0,0
1148,0.8484848484848485,0.9718,0.003843197540353574,0.7504992060183997,0,0
1149,0.5,0.9466,0.011695906432748537,0.5781763638353749,1,0
1150,0.4285714285714285,-0.4023,0.0,0.6119075467745783,1,0
1151,0.8,-0.9249,0.001984126984126984,0.7249913666992107,0,0
1152,0.3333333333333333,0.2263,0.0,0.4409986590872929,1,0
1153,0.5,-0.8997,0.0,0.7205544271997599,0,0
1154,0.8666666666666667,-0.7186,0.007650273224043716,0.7496678857021053,0,0
1155,0.3333333333333333,0.9611,0.004137931034482759,0.703969590904237,1,0
1156,0.5,0.7178,0.0,0.5821046653639249,1,0
1157,0.75,0.3365,0.005698005698005698,0.706415281383531,0,0
1158,0.75,0.7067,0.010309278350515464,0.4765745702141747,1,0
1159,0.5,0.9637,0.003215434083601286,0.7134719242965307,1,0
1160,0.5,0.8644,0.0,0.6919703150368111,1,0
1161,0.875,0.9863,0.002967359050445104,0.7160180777794635,0,0
1162,0.9047619047619048,-0.8195,0.0015479876160990713,0.7585773244391137,0,0
1163,0.75,0.5719,0.0,0.705723756158958,1,0
1164,0.5,0.991,0.008902077151335312,0.6808034361798425,1,0
1165,0.9435483870967742,0.9959,0.003526448362720403,0.7569474691264051,1,0
1166,0.75,-0.631,0.005141388174807198,0.6513601669040847,0,0
1167,0.6666666666666666,-0.1154,0.0,0.7363858204383849,0,0
1168,0.935064935064935,0.3506,0.0,0.506979079096428,0,0
1169,0.5,0.6059,0.010948905109489052,0.6160905903736829,1,0
1170,0.6,-0.6715,0.0013245033112582781,0.7122393172811419,0,0
1171,0.8,0.3182,0.013513513513513514,0.5980005079668897,1,0
1172,0.5,0.9557,0.006756756756756757,0.6245597740631431,1,0
1173,0.8571428571428571,0.5023,0.004784688995215311,0.6659082497672999,1,0
1174,0.6666666666666666,0.9645,0.005633802816901409,0.6725731695778976,1,0
1175,0.6666666666666666,0.7567,0.012552301255230125,0.6181558811962925,0,0
1176,0.5,-0.7992,0.003436426116838488,0.7248103419974776,0,0
1177,0.7142857142857143,-0.6486,0.0,0.6911472277254446,0,0
1178,0.6666666666666666,-0.7534,0.0,0.7234149528658361,0,0
1179,0.5,0.6926,0.0,0.6609223318882169,0,0
1180,0.5882352941176471,0.7047,0.005988023952095809,0.6314455557695934,0,0
1181,0.6666666666666666,0.8686,0.0,0.6499222966910735,1,0
1182,0.8333333333333334,0.9832,0.0028328611898017,0.6937602469134798,1,0
1183,0.6666666666666666,-0.0594,0.0027210884353741495,0.7470937492931345,0,0
1184,0.6666666666666666,0.4199,0.0,0.5019672433985255,1,0
1185,0.75,0.9871,0.004434589800443459,0.6866660697052681,0,0
1186,0.8,0.9756,0.0024509803921568627,0.6292578308455832,1,0
1187,0.75,0.9226,0.0,0.6258644117121315,0,0
1188,0.935483870967742,0.3506,0.0,0.6347062944272797,1,0
1189,0.5,0.2023,0.0,0.6055160668236835,1,0
1190,0.3333333333333333,0.9441,0.0,0.5391100065382651,1,0
1191,0.7,0.3716,0.008771929824561403,0.5140571094871216,1,0
1192,0.9166666666666666,0.6241,0.002688172043010753,0.7228891515209781,0,0
1193,0.6666666666666666,0.908,0.0,0.6234575763548886,1,0
1194,0.90625,0.8439,0.0,0.6982721738489034,1,0
1195,0.3333333333333333,0.9762,0.0,0.7058705466086354,0,0
1196,0.7142857142857143,0.8813,0.00558659217877095,0.563695737958913,1,0
1197,0.5,0.9301,0.005681818181818182,0.6795662147899835,0,0
1198,0.8536585365853658,0.8324,0.0014388489208633094,0.7622105659867867,0,0
1199,0.5,0.6093,0.009009009009009009,0.6545700151076893,1,0
1200,0.8571428571428571,0.82,0.015873015873015872,0.7013558289915548,1,0
1201,0.6666666666666666,0.7653,0.0,0.6096753726989731,1,0
1202,0.5,0.8807,0.00847457627118644,0.5840118201620595,1,0
1203,0.875,0.3612,0.0,0.7079450633194538,1,0
1204,0.8333333333333334,0.9272,0.016,0.5232691788083542,1,0
1205,0.75,-0.4308,0.002777777777777778,0.7266629136746121,0,0
1206,0.3076923076923077,-0.4215,0.00796812749003984,0.6392586977058102,1,0
1207,0.8333333333333334,0.7876,0.006944444444444444,0.5501939966120596,1,0
1208,0.6666666666666666,0.0,0.0,0.6243356062682968,1,0
1209,0.9649122807017544,0.6486,0.0,0.6894592979180614,1,0
1210,0.6666666666666666,0.9505,0.0,0.5325404105089535,1,0
1211,0.6666666666666666,-0.8706,0.0,0.713691900811761,0,0
1212,0.6666666666666666,-0.81,0.0,0.6176515918794927,0,0
1213,0.5,-0.6275,0.0,0.7053619519546933,0,0
1214,0.5,0.9612,0.007666098807495741,0.7641489015341602,0,0
1215,0.5,-0.9035,0.0022935779816513763,0.6686439691103689,0,0
1216,0.9,-0.6124,0.0043859649122807015,0.6309957782533296,0,0
1217,0.6666666666666666,0.971,0.004,0.6284971603093841,1,0
1218,0.8,0.0,0.011235955056179775,0.5114966709780236,1,0
1219,0.5,0.6199,0.0,0.6900325372112217,0,0
1220,0.7333333333333333,0.9791,0.0019230769230769232,0.6770507009864924,0,0
1221,0.2,0.8221,0.010309278350515464,0.4203321527493208,1,0
1222,0.9,0.9684,0.002840909090909091,0.6630006440020699,1,0
1223,0.7837837837837838,0.7679,0.0,0.6431391007969866,1,0
1224,0.6666666666666666,0.917,0.0,0.7317422213839232,1,0
1225,0.9285714285714286,-0.796,0.002777777777777778,0.6803139898552105,0,0
1226,0.32,0.8436,0.0023752969121140144,0.6622969391876452,0,0
1227,0.75,0.9483,0.0035714285714285713,0.6732123302525925,1,0
1228,0.8,-0.8122,0.0,0.6966322406258922,0,0
1229,0.5,0.949,0.005555555555555556,0.7491519855628355,1,0
1230,0.6666666666666666,0.0,0.0,0.3203703531132392,0,0
1231,0.6666666666666666,0.8555,0.007042253521126761,0.7062982964419463,0,0
1232,0.75,0.4151,0.004405286343612335,0.6814636630414298,1,0
1233,0.6666666666666666,0.4228,0.005813953488372093,0.6327818833355955,1,0
1234,0.8,0.9611,0.005813953488372093,0.6411024599302588,1,0
1235,0.9552238805970148,0.9676,0.0,0.7089516538649658,0,0
1236,0.5,0.9565,0.0,0.6931317160508805,1,0
1237,0.6,0.9661,0.002886002886002886,0.7565482123808448,0,0
1238,0.5,0.9844,0.0,0.6591209347631737,1,0
1239,0.875,0.1002,0.0,0.6529986331329554,0,0
1240,0.75,0.9432,0.015748031496062992,0.6126408568262652,1,0
1241,0.8,0.0992,0.003436426116838488,0.641633675107335,1,0
1242,0.6666666666666666,0.7574,0.0,0.5771900382107051,0,0
1243,0.8333333333333334,-0.1254,0.009708737864077669,0.6160314645137066,1,0
1244,0.8,0.7243,0.006493506493506494,0.7341967801212665,0,0
1245,0.5,0.0,0.0,0.8096510944361207,0,0
1246,0.8888888888888888,0.4404,0.005154639175257732,0.5832809823805913,1,0
1247,0.5,0.8476,0.014925373134328358,0.6010497738804744,1,0
1248,0.6666666666666666,0.9274,0.0,0.5967792776942944,1,0
1249,0.875,0.872,0.0,0.5994729870726964,1,0
1250,0.5,0.8653,0.004347826086956522,0.6391952533393532,1,0
1251,0.8,-0.6399,0.0,0.6268465712022719,0,0
1252,0.3333333333333333,0.4108,0.0,0.5036638917466252,1,0
1253,0.6,0.7906,0.0,0.4120115224454519,1,0
1254,0.5,-0.5126,0.004048582995951417,0.6805185513000412,0,0
1255,0.5,0.8588,0.0045662100456621,0.6871891006066744,1,0
1256,0.9207920792079208,0.2236,0.0044943820224719105,0.7584885734749112,0,0
1257,0.6666666666666666,0.2514,0.0106951871657754,0.7078684530664908,0,0
1258,0.8,-0.9679,0.0034792693534357786,0.7837533520382534,0,0
1259,0.75,0.624,0.003215434083601286,0.6462365259818121,1,0
1260,0.5,-0.3818,0.0,0.6725769113073039,0,0
1261,0.5,0.9118,0.014705882352941176,0.576909946525346,1,0
1262,0.6,0.7366,0.008389261744966443,0.6925138742946131,0,0
1263,0.5,-0.5106,0.016260162601626018,0.5314546022535753,0,0
1264,0.8823529411764706,-0.296,0.0,0.4495288151878951,0,0
1265,0.7058823529411765,0.9712,0.004796163069544364,0.6919995003237427,0,0
1266,0.7,0.7879,0.0020833333333333333,0.659424756680598,1,0
1267,0.6666666666666666,0.0168,0.0,0.6374589171808985,1,0
1268,0.5,0.6717,0.0,0.6488271333379504,1,0
1269,0.5,0.9445,0.0,0.4908495893686626,1,0
1270,0.5,0.0818,0.0037735849056603774,0.6974125085474357,1,0
1271,0.5,-0.7081,0.0029940119760479044,0.6577890445910947,0,0
1272,0.7142857142857143,0.9704,0.004357298474945534,0.6911986614898774,1,0
1273,0.8,0.5612,0.004608294930875576,0.5688715776545582,0,0
1274,0.8,-0.7351,0.006369426751592357,0.5856023238848721,0,0
1275,0.4,0.1901,0.010309278350515464,0.5961529553206953,1,0
1276,0.6666666666666666,0.9552,0.006622516556291391,0.552949714311248,1,0
1277,0.75,-0.8101,0.0,0.7392117005409435,1,0
1278,0.7777777777777778,0.8481,0.006993006993006993,0.6638358124027508,1,0
1279,0.6666666666666666,-0.7783,0.0,0.6905506030938737,0,0
1280,0.5,0.7184,0.0,0.6990380596503831,0,0
1281,0.5,0.8511,0.0,0.6649128363240092,1,0
1282,0.2,0.9136,0.009615384615384616,0.5726833926230795,1,0
1283,0.6666666666666666,0.9797,0.005660377358490566,0.6958074531372049,1,0
1284,0.2857142857142857,-0.4424,0.014218009478672985,0.5961662659862286,1,0
1285,0.6666666666666666,0.1655,0.005813953488372093,0.6403450790547685,0,0
1286,0.8333333333333334,0.8268,0.0,0.6840459363832435,1,0
1287,0.75,0.9631,0.0015625,0.7282618002359927,1,0
1288,0.6666666666666666,0.6478,0.007518796992481203,0.6104635625604402,1,0
1289,0.75,0.8825,0.037037037037037035,0.4683649642903091,1,0
1290,0.3333333333333333,-0.4192,0.005970149253731343,0.6667391458850657,0,0
1291,0.7142857142857143,-0.1134,0.0,0.5969938231829058,1,0
1292,0.8888888888888888,-0.8583,0.011061946902654867,0.6737446820788876,1,0
1293,0.875,0.8958,0.0012048192771084338,0.7173237818250958,1,0
1294,0.9090909090909092,-0.3071,0.0,0.613070050670888,1,0
1295,0.5,0.9381,0.009316770186335404,0.6504132722564012,1,0
1296,0.5,0.91,0.0,0.6341191818587174,1,0
1297,0.5,-0.3164,0.0,0.6161577882663406,0,0
1298,0.75,0.9474,0.0,0.6674257118548398,1,0
1299,0.5,-0.5256,0.0,0.5984653480010671,1,0
1300,0.5,0.8271,0.0025252525252525255,0.6634663901844213,1,0
1301,0.8571428571428571,0.2363,0.0,0.6626614435431968,0,0
1302,0.8181818181818182,0.9874,0.003169572107765452,0.7035899220537971,1,0
1303,0.6666666666666666,0.1154,0.0019880715705765406,0.6805977678326786,0,0
1304,0.3333333333333333,-0.9151,0.0,0.6740662863693899,0,0
1305,0.5,-0.3244,0.0041753653444676405,0.6857277718780809,0,0
1306,0.75,0.8481,0.005319148936170213,0.6168515526688094,1,0
1307,0.8,0.94,0.026785714285714284,0.4724518060506301,1,0
1308,0.6666666666666666,0.9471,0.01775147928994083,0.5666956009104708,1,0
1309,0.8,0.8427,0.007352941176470588,0.6089228588680446,1,0
1310,0.7272727272727273,-0.926,0.0,0.6998439597514022,0,0
1311,0.75,0.8884,0.00688298918387414,0.7261200305289551,0,0
1312,0.1818181818181818,0.8422,0.012048192771084338,0.5366811163629,1,0
1313,0.2857142857142857,0.7346,0.0,0.6189958519890647,0,0
1314,0.5,0.2263,0.009009009009009009,0.6253094888551194,0,0
1315,0.5,0.8689,0.0,0.5623187155045988,1,0
1316,0.6,0.8943,0.0010905125408942203,0.7246551300867848,0,0
1317,0.5,-0.9775,0.0006596306068601583,0.7625781186959627,0,0
1318,0.3103448275862069,-0.4588,0.0,0.5971983606763254,1,0
1319,0.8,0.9488,0.005154639175257732,0.6687821517020593,1,0
1320,0.875,-0.8805,0.0,0.6604209745596975,0,0
1321,0.6,-0.729,0.0025188916876574307,0.7037481218292215,0,0
1322,0.6,0.9275,0.0,0.5914301780564093,0,0
1323,0.8333333333333334,0.8858,0.0,0.6566822056063403,1,0
1324,0.75,-0.5568,0.002976190476190476,0.6558095217645237,0,0
1325,0.6666666666666666,0.8914,0.004103967168262654,0.7100977971872741,1,0
1326,0.2857142857142857,-0.2924,0.0,0.4950322345059148,1,0
1327,0.75,-0.8486,0.003605769230769231,0.7358194505389388,0,0
1328,0.6,0.5984,0.009433962264150943,0.6891422827981208,1,0
1329,0.5,-0.7887,0.0,0.6703933473511686,0,0
1330,0.75,-0.8334,0.0017699115044247787,0.7630179324833972,0,0
1331,0.8421052631578947,0.7964,0.014925373134328358,0.6366138988388563,1,0
1332,0.5,0.9106,0.0,0.6413548173737096,1,0
1333,0.9,-0.933,0.003243243243243243,0.7606885821123742,0,0
1334,0.875,0.0,0.0,0.648878706420533,1,0
1335,0.75,-0.6808,0.0,0.6106132636563814,0,0
1336,0.75,0.939,0.003236245954692557,0.7133731605800141,1,0
1337,0.6666666666666666,0.9537,0.0034965034965034965,0.6656284098421849,1,0
1338,0.75,-0.2598,0.006666666666666667,0.5830660059944858,0,0
1339,0.5,-0.2755,0.005208333333333333,0.6331111488811291,1,0
1340,0.8333333333333334,-0.9676,0.003968253968253968,0.7687142341735241,0,0
1341,0.7368421052631579,0.958,0.0064516129032258064,0.7192503326307113,0,0
1342,0.8888888888888888,0.9849,0.008559201141226819,0.7285835358929879,1,0
1343,0.75,0.8545,0.0,0.6132313229469203,1,0
1344,0.8636363636363636,0.9881,0.003968253968253968,0.7251122688787972,1,0
1345,0.5,0.7096,0.0,0.6217945146625699,1,0
1346,0.7142857142857143,0.3,0.005555555555555556,0.6950817810347875,1,0
1347,0.5714285714285714,0.8698,0.002932551319648094,0.7293875873243507,0,0
1348,0.8,0.9634,0.005859375,0.6761983314246602,1,0
1349,0.8,0.9304,0.016129032258064516,0.5308941666322619,0,0
1350,0.6666666666666666,0.7783,0.004070556309362279,0.7327702194786717,1,0
1351,0.8571428571428571,0.2732,0.0,0.6099388638044775,0,0
1352,0.6,0.8503,0.0,0.6603423464803257,0,0
1353,0.9615384615384616,0.9078,0.004319654427645789,0.7206534496821054,0,0
1354,0.7142857142857143,0.8632,0.0,0.6875720077494256,0,0
1355,0.5,0.5882,0.008928571428571428,0.5568959332406699,0,0
1356,0.6666666666666666,0.8585,0.007751937984496124,0.5005183579420215,1,0
1357,0.9803921568627452,0.0561,0.001,0.738468096020092,0,0
1358,0.8,-0.4404,0.0,0.7190589891260316,0,0
1359,0.8888888888888888,0.6369,0.0,0.6708858345083182,0,0
1360,0.8,0.9192,0.0076045627376425855,0.6424220575547133,1,0
1361,0.75,0.9571,0.0024937655860349127,0.7246551871736042,1,0
1362,0.5,0.0433,0.0,0.7028950067419527,0,0
1363,0.7222222222222222,-0.9782,0.0009657170449058426,0.757475949752146,0,0
1364,0.6,-0.9315,0.0,0.715040583206334,0,0
1365,0.5,-0.5301,0.010362694300518135,0.6010781152577075,1,0
1366,0.8333333333333334,0.9223,0.004901960784313725,0.6486623532949443,1,0
1367,0.5,-0.0675,0.0,0.7310234272614657,1,0
1368,0.8333333333333334,0.7269,0.0,0.6803719555767719,0,0
1369,0.3333333333333333,0.7458,0.014218009478672985,0.5761567312419351,0,0
1370,0.5714285714285714,0.9356,0.0017574692442882249,0.7197107041254102,1,0
1371,0.6666666666666666,0.7248,0.006622516556291391,0.6577627410093375,0,0
1372,0.375,-0.6847,0.001221001221001221,0.7385236860728824,0,0
1373,0.5,-0.9029,0.0,0.6977450734970513,1,0
1374,0.75,0.9764,0.011185682326621925,0.6758972774882627,1,0
1375,0.9090909090909092,0.9432,0.009523809523809525,0.6066718885388296,1,0
1376,0.5555555555555556,-0.5574,0.00199203187250996,0.6835111853302421,0,0
1377,0.8333333333333334,0.3182,0.0,0.6310028377449425,0,0
1378,0.6666666666666666,0.9528,0.006968641114982578,0.6756663509156041,0,0
1379,0.8333333333333334,0.4733,0.0,0.7001063846521869,0,0
1380,0.8,-0.8597,0.003656307129798903,0.6908704253621917,0,0
1381,0.625,-0.2124,0.005865102639296188,0.655277043556571,1,0
1382,0.75,0.8519,0.0,0.6192688786181056,1,0
1383,0.7857142857142857,-0.8851,0.0,0.6921118745404413,0,0
1384,0.7,0.944,0.019704433497536946,0.5815523014514012,1,0
1385,0.8478260869565217,-0.9072,0.0,0.7413499553402668,0,0
1386,0.6511627906976745,-0.4632,0.0,0.6731109823650703,0,0
1387,0.6511627906976745,-0.4632,0.0,0.6731109823650703,0,0
1388,0.6511627906976745,-0.4632,0.0,0.6731109823650703,0,0
1389,0.6511627906976745,-0.4632,0.0,0.6731109823650703,0,0
1390,0.913793103448276,0.9393,0.004991680532445923,0.7232000852465404,0,0
1391,0.9,0.34,0.0,0.6083864402841663,1,0
1392,0.3333333333333333,0.9381,0.010752688172043012,0.5017879837830391,0,0
1393,0.8,0.8319,0.002306805074971165,0.7064588535564719,0,0
1394,0.8235294117647058,-0.8258,0.004975124378109453,0.6416874147409778,0,0
1395,0.9545454545454546,0.9545,0.015228426395939087,0.6214932487006853,1,0
1396,0.75,0.9432,0.009140767824497258,0.7106390610477783,1,0
1397,0.5,0.8591,0.0,0.5879941812303942,1,0
1398,0.7692307692307693,0.9833,0.010344827586206896,0.5874353931620087,1,0
1399,0.84,-0.7844,0.0030706243602865915,0.7608304490322828,0,0
1400,0.7222222222222222,0.3626,0.003703703703703704,0.6529792157875467,0,0
1401,0.6666666666666666,-0.2917,0.0014005602240896359,0.7159465528269381,0,0
1402,0.75,-0.9902,0.001849796522382538,0.8224583897273712,1,0
1403,0.84375,0.9194,0.004149377593360996,0.6571218669932013,1,0
1404,0.7142857142857143,-0.6009,0.0012961762799740765,0.7504120427643199,0,0
1405,0.875,0.9635,0.0022522522522522522,0.6700517563906929,1,0
1406,0.9444444444444444,0.9816,0.003289473684210526,0.7213116952260983,0,0
1407,0.9047619047619048,-0.5106,0.0,0.6495043594118843,0,0
1408,0.8,0.6419,0.0,0.4841414947645797,1,0
1409,0.6666666666666666,0.714,0.0,0.6624495733079415,1,0
1410,0.6666666666666666,0.5106,0.009174311926605505,0.6440544080996875,0,0
1411,0.6666666666666666,-0.7316,0.0,0.6374809799485156,0,0
1412,0.868421052631579,-0.9135,0.0046439628482972135,0.699611143031129,0,0
1413,0.90625,-0.6381,0.0014367816091954023,0.7407577820687962,0,0
1414,0.8,0.9451,0.004878048780487805,0.7105971356182302,0,0
1415,0.9090909090909092,0.9482,0.0056179775280898875,0.6655427380939599,0,0
1416,0.8125,0.9172,0.002277904328018223,0.7059424885081746,0,0
1417,0.7142857142857143,-0.6382,0.0,0.602747690296623,0,0
1418,0.5,-0.5423,0.002544529262086514,0.7159884936225616,0,0
1419,0.875,0.623,0.0,0.7156994362883642,0,0
1420,0.5,-0.9586,0.006396588486140725,0.6896617168421624,0,0
1421,0.8461538461538461,0.9381,0.007633587786259542,0.6484977262102269,1,0
1422,0.8,0.6486,0.009009009009009009,0.619221750884246,0,0
1423,0.5,-0.3291,0.0,0.6737481324795792,0,0
1424,0.8571428571428571,0.4588,0.002898550724637681,0.7185760209551321,0,0
1425,0.7692307692307693,0.9365,0.010033444816053512,0.6226153128572801,1,0
1426,0.8,0.7942,0.004807692307692308,0.6640800173460334,0,0
1427,0.5,0.9709,0.00441696113074205,0.7496010232610799,1,0
1428,0.5,0.7935,0.0,0.7373164154448307,0,0
1429,0.8928571428571429,0.9366,0.00558659217877095,0.7020610426449184,1,0
1430,0.5,-0.2975,0.0,0.6708939784188983,0,0
1431,0.6666666666666666,-0.9228,0.0029895366218236174,0.7148510031277912,1,0
1432,0.6,0.0516,0.005235602094240838,0.6905348305512001,1,0
1433,0.5,0.7476,0.0025906735751295338,0.7522252676617301,0,0
1434,0.3333333333333333,0.9676,0.0,0.5995338789017154,0,0
1435,0.75,0.9874,0.013850415512465374,0.6077390381473332,1,0
1436,0.6666666666666666,-0.9184,0.0,0.7394566221798206,0,0
1437,0.9764397905759162,0.9941,0.002077274615704196,0.7602026634737684,0,0
1438,0.5,-0.6597,0.0,0.5912942764040207,0,0
1439,0.6666666666666666,-0.4446,0.004338394793926247,0.693003833872361,0,0
1440,0.8333333333333334,-0.9373,0.005714285714285714,0.6214022817583267,0,0
1441,0.8,-0.7633,0.0012970168612191958,0.753656254981282,0,0
1442,0.7916666666666666,-0.9474,0.003386960203217612,0.7414164733471732,0,0
1443,0.9375,0.8879,0.0064516129032258064,0.6715784353314099,1,0
1444,0.75,-0.608,0.008403361344537815,0.5747587714865681,0,0
1445,0.6666666666666666,0.9684,0.005714285714285714,0.5557155932274038,1,0
1446,0.8181818181818182,0.781,0.0,0.6438478702060004,1,0
1447,0.6666666666666666,0.8439,0.006172839506172839,0.6349828680654904,1,0
1448,0.7647058823529411,0.8799,0.002932551319648094,0.6926819220313531,1,0
1449,0.75,-0.5267,0.006944444444444444,0.5536232325528347,1,0
1450,0.8,-0.9535,0.00984251968503937,0.6925374246861268,1,0
1451,0.6666666666666666,0.9343,0.008908685968819599,0.6967175257708006,0,0
1452,0.9,0.7319,0.005263157894736842,0.7305038564155403,0,0
1453,0.75,0.7351,0.00975609756097561,0.6563081674723148,0,0
1454,0.8,-0.547,0.0016556291390728477,0.7473885257264127,0,0
1455,0.5,0.4404,0.0,0.2428156263691462,1,0
1456,0.631578947368421,0.9899,0.011278195488721804,0.5898013478536357,1,0
1457,0.8333333333333334,-0.7003,0.0041841004184100415,0.6732319170476996,1,0
1458,0.5714285714285714,0.0,0.016260162601626018,0.5730589520495896,0,0
1459,0.8947368421052632,0.9826,0.0021691973969631237,0.6478587414353971,1,0
1460,0.6363636363636364,0.09,0.003745318352059925,0.724658275325694,0,0
1461,0.6,-0.296,0.0,0.6406777715156562,1,0
1462,0.75,0.8853,0.002849002849002849,0.6823206583241843,0,0
1463,0.5,-0.6542,0.0,0.648800488692989,0,0
1464,0.6666666666666666,-0.8723,0.0019047619047619048,0.6597065130628432,0,0
1465,0.8333333333333334,0.4753,0.005063291139240506,0.6744339102935711,1,0
1466,0.5,-0.8953,0.0029411764705882353,0.6872990134920139,0,0
1467,0.75,0.9644,0.0038109756097560975,0.7544947447394513,0,0
1468,0.5,0.8895,0.005988023952095809,0.7071159608251738,1,0
1469,0.4,0.4897,0.0,0.6759371557548803,0,0
1470,0.8235294117647058,0.9112,0.005847953216374269,0.6902811580921104,0,0
1471,0.6,0.9259,0.0065040650406504065,0.7050226011592137,0,0
1472,0.75,-0.7003,0.0,0.6458723388662576,0,0
1473,0.6666666666666666,0.5574,0.00546448087431694,0.6965555406608076,0,0
1474,0.5384615384615384,0.5106,0.0,0.6651722844003941,0,0
1475,0.875,0.9551,0.002522863450015768,0.7777241409883219,0,0
1476,0.3333333333333333,0.2732,0.0,0.671496591501009,1,0
1477,0.6,0.9695,0.008602150537634409,0.7248254490083257,0,0
1478,0.4,0.9679,0.00949667616334283,0.7131136456481713,0,0
1479,0.6818181818181818,-0.7884,0.004784688995215311,0.6786811356961622,0,0
1480,0.7777777777777778,-0.8043,0.003289473684210526,0.6687592314864085,1,0
1481,0.9705882352941176,0.1778,0.002621231979030144,0.7607549521402442,1,0
1482,0.75,0.9715,0.011235955056179775,0.4510788648296048,1,0
1483,0.5714285714285714,0.0477,0.0,0.6399799093834884,1,0
1484,0.7,0.942,0.0,0.4862758052046258,1,0
1485,0.6923076923076923,0.9861,0.007112375533428165,0.727755038701639,1,0
1486,0.8333333333333334,0.9719,0.004032258064516129,0.6300375696754821,1,0
1487,0.5555555555555556,0.4765,0.002824858757062147,0.6221507583876679,1,0
1488,0.7804878048780488,-0.34,0.005571030640668524,0.6975083088625947,0,0
1489,0.5,0.7012,0.0038240917782026767,0.7168834338221849,0,0
1490,0.7142857142857143,0.8344,0.0013477088948787063,0.7062261045101503,1,0
1491,0.6,0.5983,0.0,0.7366867029413472,0,0
1492,0.5,0.9954,0.0013679890560875513,0.7673890408011406,0,0
1493,0.8,0.9379,0.001326259946949602,0.8003335728797434,0,0
1494,0.7333333333333333,-0.8739,0.0021551724137931034,0.7249816538984809,0,0
1495,0.90625,-0.7345,0.007142857142857143,0.5558412260688144,0,0
1496,0.375,0.1316,0.0015151515151515152,0.738059231570484,0,0
1497,0.8333333333333334,-0.9168,0.00404040404040404,0.6932186501028555,0,0
1498,0.5,-0.9459,0.007575757575757576,0.6699113725943754,0,0
1499,0.8333333333333334,-0.8237,0.004048582995951417,0.6550546139976134,1,0
1500,0.8333333333333334,0.9283,0.0038314176245210726,0.6741349377620593,1,0
1501,0.6666666666666666,0.1506,0.010752688172043012,0.6621693417731709,0,0
1502,0.75,0.9636,0.003236245954692557,0.63919738695498,1,0
1503,0.9565217391304348,0.9641,0.003110419906687403,0.752524149665299,0,0
1504,0.5,-0.9772,0.0,0.6876213224098235,0,0
1505,0.5,0.9623,0.0,0.5286248334602864,1,0
1506,0.75,0.7953,0.008547008547008548,0.4697207790414084,1,0
1507,0.90625,-0.8753,0.00980392156862745,0.6831053190962305,0,0
1508,0.7,0.9791,0.014492753623188406,0.6386721489452563,1,0
1509,0.6666666666666666,-0.8658,0.003205128205128205,0.6425824466288079,0,0
1510,0.6,0.3695,0.00315955766192733,0.7157930679952538,0,0
1511,0.75,0.9273,0.0136986301369863,0.7081773968554432,1,0
1512,0.5,-0.978,0.005825242718446602,0.713574704971458,0,0
1513,0.625,0.9757,0.006329113924050633,0.6770937539691819,1,0
1514,0.75,-0.1358,0.002004008016032064,0.689447856597263,0,0
1515,0.7,0.9139,0.0,0.6724959215255453,1,0
1516,0.8571428571428571,0.1129,0.0,0.5956814940883068,0,0
1517,0.9,0.9759,0.002126151665485471,0.7224566840346036,0,0
1518,0.6666666666666666,0.3724,0.027522935779816515,0.5586713405954418,1,0
1519,0.5714285714285714,-0.9474,0.0037593984962406013,0.75657430422442,0,0
1520,0.5,-0.6705,0.007633587786259542,0.5423322287168588,0,0
1521,0.8571428571428571,-0.5023,0.0,0.666202080498727,0,0
1522,0.6666666666666666,0.9856,0.010416666666666666,0.6661247578393431,1,0
1523,0.625,0.6651,0.0017574692442882249,0.7115390197324765,0,0
1524,0.6666666666666666,0.9626,0.014184397163120567,0.5793853398793852,1,0
1525,0.75,0.8552,0.0,0.5952001144818533,0,0
1526,0.5,0.9654,0.005025125628140704,0.6872919827526738,0,0
1527,0.5,-0.1815,0.0,0.6036893774875248,0,0
1528,0.6,0.3284,0.0026954177897574125,0.6886381682868458,0,0
1529,0.75,0.1903,0.013651877133105802,0.6372566761850573,1,0
1530,0.9047619047619048,0.8453,0.00039308176100628933,0.8044052112059181,0,0
1531,0.6666666666666666,0.4404,0.008130081300813009,0.6400425209975157,1,0
1532,0.945945945945946,0.9258,0.003289473684210526,0.7664899716968688,0,0
1533,0.6666666666666666,0.9605,0.006896551724137931,0.6223130469249551,1,0
1534,0.46875,0.6351,0.0,0.4421489687928131,0,0
1535,0.9090909090909092,0.9508,0.0006653359946773121,0.7634228200968556,1,0
1536,0.7777777777777778,0.5286,0.0031282586027111575,0.7488732815012347,0,0
1537,0.8333333333333334,-0.2382,0.003134796238244514,0.6656541916798127,0,0
1538,0.9166666666666666,-0.8957,0.0,0.6572667417631148,0,0
1539,0.9166666666666666,-0.7905,0.0032679738562091504,0.6277539389557462,1,0
1540,0.9497206703910616,0.9883,0.005025125628140704,0.7679466785741712,0,0
1541,0.5,0.8777,0.009478672985781991,0.5962584232890474,0,0
1542,0.75,0.9259,0.0,0.6708142569930365,0,0
1543,0.6,-0.5362,0.0,0.5773280159402157,0,0
1544,0.8732394366197183,-0.9008,0.007380073800738007,0.6581650382350026,0,0
1545,0.7142857142857143,0.9467,0.004651162790697674,0.6612360999040033,1,0
1546,0.6666666666666666,-0.2755,0.0,0.7226404677261885,0,0
1547,0.8888888888888888,0.8981,0.0044742729306487695,0.6735349996082337,1,0
1548,0.918918918918919,0.9928,0.003367003367003367,0.7672034538633278,0,0
1549,0.8823529411764706,0.9878,0.0029455081001472753,0.7182123508573871,1,0
1550,0.8666666666666667,0.984,0.0,0.6062797077339216,0,0
1551,0.8461538461538461,-0.8328,0.007982969664715274,0.7618420588626463,0,0
1552,0.9722222222222222,0.9074,0.0038314176245210726,0.7080648098907687,1,0
1553,0.6666666666666666,0.9562,0.0,0.551175264689671,0,0
1554,0.3636363636363636,-0.8339,0.0,0.705616306163566,0,0
1555,0.2105263157894736,0.7717,0.005847953216374269,0.6165565750116581,1,0
1556,0.3888888888888889,0.8402,0.0,0.659089223239888,0,0
1557,0.76,0.775,0.0,0.7421944575477333,0,0
1558,0.7407407407407407,-0.9107,0.0011299435028248588,0.7346474463949502,0,0
1559,0.6,0.9487,0.01020408163265306,0.6546424789906379,0,0
1560,0.8333333333333334,-0.7147,0.0,0.6804824371391991,0,0
1561,0.9166666666666666,-0.9348,0.00228310502283105,0.7488224307915737,0,0
1562,0.9685863874345548,0.9637,0.0016538037486218302,0.8115662122579842,0,0
1563,0.8,0.0754,0.009950248756218905,0.6529329241058975,1,0
1564,0.9411764705882352,0.9946,0.007760532150776054,0.7899876070015724,0,0
1565,0.8333333333333334,0.9627,0.005590496156533892,0.7749867841527809,1,0
1566,0.75,-0.7116,0.0,0.5724497445301213,0,0
1567,0.6,0.886,0.0,0.6989428162450796,0,0
1568,0.7777777777777778,0.6049,0.002,0.6829893402915559,1,0
1569,0.5714285714285714,-0.9576,0.0,0.7451596628449466,0,0
1570,0.8888888888888888,-0.0772,0.009523809523809525,0.7496752287948855,1,0
1571,0.7272727272727273,0.9705,0.0,0.631970700291179,0,0
1572,0.9565217391304348,0.9968,0.0026455026455026454,0.7372549887655615,1,0
1573,0.8333333333333334,0.9833,0.010624169986719787,0.7177695919772995,0,0
1574,0.8,0.4372,0.005076142131979695,0.636884561327155,1,0
1575,0.8,0.9229,0.008771929824561403,0.4910872548220799,1,0
1576,0.5,-0.7947,0.010714285714285714,0.6726612644979817,1,0
1577,0.7333333333333333,0.8016,0.007246376811594203,0.606064948731915,1,0
1578,0.7777777777777778,0.6643,0.0,0.6555916757724175,0,0
1579,0.5714285714285714,0.6808,0.0,0.7402486013145341,1,0
1580,0.9230769230769232,0.926,0.004081632653061225,0.6484229416984666,0,0
1581,0.7777777777777778,0.9669,0.0,0.6361989029248687,1,0
1582,0.7777777777777778,0.9835,0.0,0.6817374945548982,0,0
1583,0.75,0.9543,0.011976047904191617,0.6682127827044843,1,0
1584,0.5833333333333334,0.9893,0.00966183574879227,0.58676548832598,1,0
1585,0.5,-0.743,0.0,0.635927073911374,0,0
1586,0.5,-0.7777,0.0,0.6346471395832098,0,0
1587,0.6666666666666666,0.9947,0.002828854314002829,0.7241079976901176,1,0
1588,0.9428571428571428,0.9837,0.005934718100890208,0.6941409743083017,0,0
1589,0.7,0.765,0.0,0.7393022557439297,0,0
1590,0.8,-0.7072,0.0036363636363636364,0.6537978106547806,0,0
1591,0.8571428571428571,-0.4389,0.005361930294906166,0.7000917239348406,0,0
1592,0.94,0.9882,0.0016611295681063123,0.7335246990634747,1,0
1593,0.9047619047619048,0.9804,0.004341534008683068,0.7107598233683996,1,0
1594,0.8095238095238095,0.8834,0.0012674271229404308,0.7558016413760091,1,0
1595,0.6666666666666666,0.25,0.0,0.6510101415724574,0,0
1596,0.7222222222222222,-0.852,0.0018298261665141812,0.7446704210184941,0,0
1597,0.9142857142857144,0.81,0.004357298474945534,0.7281395945841274,0,0
1598,0.8125,0.7318,0.0016233766233766235,0.7125939999613872,0,0
1599,0.3818181818181818,-0.7992,0.0,0.6723510583007051,0,0
1600,0.9523809523809524,0.9391,0.001638001638001638,0.737394314753862,1,0
1601,0.875,0.9458,0.0006406149903907751,0.7553368351051509,1,0
1602,0.8978102189781022,0.6425,0.0018198362147406734,0.7719131749491384,0,0
