,综合得分指数
0,0.12897901717329316
1,0.21341660108387903
2,0.27535564601051776
3,0.12359903948088471
4,0.1489979238468894
5,0.22054330093597413
6,0.12425195392232993
7,0.20617066917030222
8,0.20361309208817774
9,0.21408704008851734
10,0.2229150736816104
11,0.3187962801529787
12,0.19866570508444026
13,0.1926675554021834
14,0.1288631138139562
15,0.2938634051783896
16,0.18153562321896796
17,0.22266810586447383
18,0.21836243708186037
19,0.21125273003887915
20,0.18358131469662492
21,0.15885819289540343
22,0.28871535538606813
23,0.19642194932629722
24,0.2096478178367549
25,0.17701588660357204
26,0.17782292206516043
27,0.1981104224464882
28,0.20787777408745284
29,0.1814119476779841
30,0.18874033885402222
31,0.20112543934987637
32,0.2317981077113528
33,0.16955250685406317
34,0.10359705096303465
35,0.21024139087705174
36,0.17333824994975053
37,0.2052249032665706
38,0.31476680601229096
39,0.23261856220752736
40,0.18529598217816223
41,0.22469464070991219
42,0.15211991755248067
43,0.20644674863914877
44,0.16908981405119233
45,0.20364213734118566
46,0.20946850702978648
47,0.42622364029660487
48,0.21206065461550208
49,0.24922027793657522
50,0.1513774373157002
51,0.28440277904086797
52,0.19925456263564642
53,0.15828684460545614
54,0.20532659255347277
55,0.21285133333694725
56,0.1872525886411705
57,0.21861982850063244
58,0.19342559184523148
59,0.16077023931878615
60,0.2663864999891513
61,0.18210929588035416
62,0.13231649841868276
63,0.34317669392116357
64,0.20388401794821961
65,0.2191932311255275
66,0.25953159716941
67,0.2150639113738407
68,0.23715523042663852
69,0.2078078908975691
70,0.22534648045757774
71,0.11941135649320343
72,0.1766193546034203
73,0.1993073716699072
74,0.19294591456863242
75,0.20705439649405866
76,0.16777656505957766
77,0.15638490544001565
78,0.1819717493707553
79,0.2206160646380752
80,0.19411456676033215
81,0.21098736175941069
82,0.20604263905122244
83,0.18096514429178748
84,0.20859714534475515
85,0.20470058035550737
86,0.18459604542382077
87,0.2322047221585413
88,0.15283459289174794
89,0.22212235893218876
90,0.2142566823628623
91,0.12929181765839734
92,0.22261645339675484
93,0.19756012298225342
94,0.12577484217970292
95,0.16021847468000067
96,0.20261481511651427
97,0.20422151643214678
98,0.14984791534692726
99,0.13082662855751487
100,0.2372429146775905
101,0.17244595265497145
102,0.20843237626029315
103,0.17333824994975053
104,0.17791829893410088
105,0.1827081041008401
106,0.15082366041429573
107,0.25928133472736514
108,0.16930765579586235
109,0.18285187581820248
110,0.21867917841728937
111,0.22702537245065899
112,0.17415346669296558
113,0.2592663468030015
114,0.20799245974700106
115,0.18125661124896766
116,0.16379860555809442
117,0.10474155422050492
118,0.22622628698315575
119,0.19150323162173008
120,0.13416251693065062
121,0.21252478500037572
122,0.21574270096118386
123,0.17008810408965974
124,0.2031524308968823
125,0.27464544214307374
126,0.2250643949546715
127,0.20534922236332104
128,0.17810830378276202
129,0.14804923533282185
130,0.1901891948276306
131,0.20141573650363329
132,0.17345390672420286
133,0.13809638743815805
134,0.21870219390934212
135,0.19598913019738284
136,0.17449933456801925
137,0.11783717748477665
138,0.2384713058976813
139,0.16135748551730286
140,0.11802094707253404
141,0.15444591986614525
142,0.22449042472386949
143,0.23920482643668708
144,0.37448195640898035
145,0.21917695935849751
146,0.19297511023792102
147,0.11887212231831804
148,0.20959319349654523
149,0.14247023417318816
150,0.18151292576512462
151,0.1497678637887052
152,0.21260915317750337
153,0.2185127788469403
154,0.32845533294045326
155,0.2594615616220262
156,0.18654161408246753
157,0.20496809056154214
158,0.19528307565312394
159,0.1827782889417234
160,0.1284629412182725
161,0.17384343404730362
162,0.1947137866296227
163,0.1934514860255998
164,0.21430841581403504
165,0.15855037519811793
166,0.10196031596278987
167,0.19049861611197666
168,0.1966149383959866
169,0.13614683184314924
170,0.2828589149177193
171,0.21883383951548563
172,0.2724402149309116
173,0.21046997652696492
174,0.11364666902524527
175,0.2004411322944637
176,0.15591978604199605
177,0.20585751068291167
178,0.14364605533408048
179,0.1356153416194215
180,0.17996652062790647
181,0.1084774521258242
182,0.19759502682887845
183,0.20390832668332023
184,0.21467385657451296
185,0.18459604542382077
186,0.19720123488659522
187,0.2872907459865478
188,0.22784422311681027
189,0.08999252548959483
190,0.2706490146103845
191,0.1786497085418289
192,0.21779175056937727
193,0.2018924245617753
194,0.1598011062514898
195,0.15518549218444602
196,0.22253737741792864
197,0.2767027352350602
198,0.13172364655705804
199,0.2248573794605239
200,0.2170063142061413
201,0.20683438501887388
202,0.2343612342560972
203,0.211812738416955
204,0.179055875326263
205,0.17673675033786942
206,0.14817824504935395
207,0.13600154913454474
208,0.20160198611627686
209,0.21979970941236937
210,0.3248612262734817
211,0.19496416834732833
212,0.14999079606939783
213,0.13095209135116165
214,0.1345802595245434
215,0.2270513197281749
216,0.18739716343695476
217,0.21221815725167084
218,0.21898435919360337
219,0.20245428617523753
220,0.20545864457812976
221,0.1847248065685224
222,0.24412734037645367
223,0.19606062689920353
224,0.21803475976495607
225,0.2911919861895609
226,0.2226529458305748
227,0.20434756725003864
228,0.22988500112496713
229,0.2280015573940047
230,0.2052036476603175
231,0.1990751565446681
232,0.2057681776610138
233,0.2556458664727752
234,0.19063168887560994
235,0.1673822192587372
236,0.21822833207885448
237,0.11043204170136685
238,0.20556610896080255
239,0.21746636461309252
240,0.23544832053152703
241,0.1823786498377995
242,0.13349773283986946
243,0.2594866769701856
244,0.19465432161792767
245,0.21212966523683796
246,0.17881309733112083
247,0.20790423445145897
248,0.09437273193505312
249,0.18713899566340791
250,0.3973643008295948
251,0.1982423332145284
252,0.15268745686378596
253,0.17492911407023468
254,0.16000019522703285
255,0.30642385408682726
256,0.13203451114205772
257,0.23190839086982093
258,0.26763273985493385
259,0.19710608443046515
260,0.173849572933659
261,0.2193664540273612
262,0.19367014266279484
263,0.22024308017179453
264,0.21602627270630734
265,0.22723117323874445
266,0.2641836449273306
267,0.20405342387689676
268,0.2434297865176182
269,0.20952919901390493
270,0.2526731025264865
271,0.22310097331690498
272,0.10546345224337332
273,0.22373564760756542
274,0.11979865483553166
275,0.22379035831083688
276,0.17658071887497978
277,0.18160251090502655
278,0.314870740922275
279,0.09872036197489624
280,0.11473900990972861
281,0.17996993705980882
282,0.2067778601920163
283,0.15414548110696502
284,0.11488310829526116
285,0.19755265934358743
286,0.14750452513090392
287,0.17354205267773828
288,0.1901404770717536
289,0.1829278503268044
290,0.18686749104083258
291,0.23307099878075802
292,0.20597894604748984
293,0.19975519882919063
294,0.20516651756031612
295,0.1534672585697899
296,0.2595274444242839
297,0.1541307773805405
298,0.1589550528167895
299,0.18478042061118466
300,0.13582672195197665
301,0.3346075736010305
302,0.12490377632277799
303,0.14899711615693728
304,0.178538691490153
305,0.2068138489854411
306,0.18843202424431718
307,0.17224118127183943
308,0.2230218439376945
309,0.21596704899611768
310,0.27142665407612654
311,0.18040311648213825
312,0.2142491619780867
313,0.18002051773783823
314,0.2644751472077263
315,0.28196243088722855
316,0.22548122882264177
317,0.10194020196981936
318,0.16158841120114256
319,0.19317883809719974
320,0.1488579003185193
321,0.21705560652215392
322,0.2400686479442305
323,0.20434801464807917
324,0.2212153416939113
325,0.216682921402184
326,0.2161417896149589
327,0.17915356556315826
328,0.276635134021368
329,0.15590439145682727
330,0.20914265892719527
331,0.11178630798803507
332,0.18920678997947424
333,0.20889887400675405
334,0.21842880037771642
335,0.1557688437452393
336,0.20994321932749313
337,0.1346969010412002
338,0.23743693643101843
339,0.20917196899290752
340,0.15721510437794572
341,0.14107283598550288
342,0.22530854964439162
343,0.1229382581100948
344,0.18465890513205166
345,0.21220338581062695
346,0.11829581426247626
347,0.20548190512637954
348,0.21350955353653633
349,0.1373045775400983
350,0.2050343243332238
351,0.2159985795034068
352,0.14593113780045353
353,0.20764044489156339
354,0.2136758701377877
355,0.19195092748836665
356,0.21552716491573504
357,0.20116972774734554
358,0.21686734928515852
359,0.1843637083274112
360,0.22315641122282823
361,0.08963052858003358
362,0.11997072324368153
363,0.19631272076111542
364,0.1532611204021853
365,0.21277611349572886
366,0.14849918944401092
367,0.12649655528642453
368,0.1841987345968162
369,0.1958251509984327
370,0.22328803310686413
371,0.28826809609787746
372,0.1969216272353507
373,0.13613272193757006
374,0.1996054513908914
375,0.18256215951010946
376,0.2314706050013929
377,0.2955244803391317
378,0.18512797558091976
379,0.11573979554187125
380,0.17124996923584793
381,0.15205885261901042
382,0.22644283366880819
383,0.15478887493942622
384,0.2273716692356825
385,0.198813552063355
386,0.19678777926614133
387,0.14836726673419487
388,0.2226527450712599
389,0.19877352712544752
390,0.2415778271250553
391,0.22870650317684735
392,0.18484265662172844
393,0.14960522133425333
394,0.20382238470907033
395,0.1987769354467061
396,0.15053962107388616
397,0.15640220428894228
398,0.15179772767760383
399,0.20961409231615954
400,0.20835105514181973
401,0.16825987614942345
402,0.2437505166750316
403,0.09630037748845112
404,0.20277441643776753
405,0.20729631162974124
406,0.16941872739749197
407,0.2338666654539377
408,0.2699625672029267
409,0.23654664633809802
410,0.1939419178212567
411,0.2558691073624925
412,0.1549055435433547
413,0.19671383369762285
414,0.21482910256008075
415,0.10453280463943422
416,0.1622948431668904
417,0.13686880868088508
418,0.21947427888047374
419,0.23773790273500472
420,0.17065192297269127
421,0.18760103740155862
422,0.17514997561927
423,0.24026572832727225
424,0.2375835693245464
425,0.23181077062743302
426,0.19964670754987285
427,0.20873054297323268
428,0.23210802275301762
429,0.15686928691933566
430,0.15011154693681078
431,0.2039988807498258
432,0.19097181142826206
433,0.14576932044199162
434,0.1373179258906262
435,0.2487282232260838
436,0.17922996942395933
437,0.20730852864889912
438,0.09874870549417863
439,0.19669225132592197
440,0.11790073697147592
441,0.1864520185518086
442,0.1657856312739666
443,0.11855767965178611
444,0.2074132750439356
445,0.22020357374901303
446,0.16734891336013327
447,0.16271935346991143
448,0.18784619798735697
449,0.22662939315404385
450,0.13021357566215294
451,0.2429117314843306
452,0.1553158533326887
453,0.12771835372228582
454,0.13428068431792367
455,0.277350558358319
456,0.20830198779402168
457,0.12010910179788951
458,0.20804264214452226
459,0.18638867788683683
460,0.591757833582251
461,0.1985532078466178
462,0.16776241284393006
463,0.22312645392824176
464,0.6251511704497206
465,0.19491323958424078
466,0.20026559198551358
467,0.2315501441059352
468,0.21436665529744953
469,0.15925838441603932
470,0.18869264133946415
471,0.5927832299876075
472,0.18345992232747285
473,0.1677980947358873
474,0.5868081003862801
475,0.6052721026327142
476,0.21953771328143318
477,0.604411013590148
478,0.21847519570203774
479,0.16672035184093004
480,0.1898291535202541
481,0.15534429618461942
482,0.10458414183942248
483,0.18615878841514985
484,0.2477481428422255
485,0.22229547973625408
486,0.14073874368985517
487,0.21214427046476003
488,0.1304918402627176
489,0.1850809448628003
490,0.18660205019852513
491,0.15368328576150342
492,0.1827032664732989
493,0.19148625185975243
494,0.2048841641971885
495,0.15189045405077353
496,0.2108537188784917
497,0.21086956086073938
498,0.20401764216604235
499,0.22319061601052353
500,0.153013597247995
501,0.14591219243950362
502,0.19229771570959386
503,0.6137433084878268
504,0.6905236929599974
505,0.6124109394622466
506,0.25981561727769903
507,0.19817388950995346
508,0.23786573262203717
509,0.17326258733237984
510,0.1867894312987932
511,0.6114609493232306
512,0.6002960774971797
513,0.1363282470114251
514,0.18383690069287892
515,0.18003063952327356
516,0.6330706066420606
517,0.12861095368962414
518,0.3377497447518489
519,0.1241029112945793
520,0.19166293220758363
521,0.1216851411750681
522,0.6154789788172421
523,0.1916718630764347
524,0.6099031265521421
525,0.2158076611796395
526,0.20685486438518877
527,0.18796915155404306
528,0.18366187902434022
529,0.602674545792938
530,0.17333824994975053
531,0.5992839782926037
532,0.18549563697494342
533,0.18647263237852382
534,0.2087660032565094
535,0.6023964463948762
536,0.19095650493173832
537,0.24486977160397225
538,0.19710509159379155
539,0.6095128377561269
540,0.16370462214406378
541,0.18447615143513027
542,0.18097795953078327
543,0.21353804419445227
544,0.22005379863404573
545,0.19314980362060052
546,0.18063747454075607
547,0.22212620109797962
548,0.1284438925877922
549,0.2535243430999807
550,0.14846811084933156
551,0.1856226450084432
552,0.6338892508713991
553,0.22564383951949724
554,0.1847177409521159
555,0.2241613431270317
556,0.14191219533525612
557,0.14400875244396716
558,0.20136330141412195
559,0.15559838955410765
560,0.35959055841358123
561,0.10410693881335734
562,0.13407788143023042
563,0.21564390477838444
564,0.21223892062429814
565,0.2218007148860613
566,0.1648669707043722
567,0.20827926485535478
568,0.161642458783579
569,0.17514247462802182
570,0.2255140581748397
571,0.18584511783474283
572,0.19178802956442326
573,0.2161545971639834
574,0.19361800297619303
575,0.17451833125790195
576,0.11399394707486378
577,0.08559832685204197
578,0.1847814210660383
579,0.19286321900323275
580,0.16386981363320402
581,0.21131817681794704
582,0.1859007320213385
583,0.23403790101416
584,0.2436977684454018
585,0.14546384537191986
586,0.23604177644522864
587,0.21254018540636255
588,0.17429601403881873
589,0.21651168295329837
590,0.20050863708842717
591,0.21361929778273867
592,0.2055886796061684
593,0.23528598955029026
594,0.2109821655867249
595,0.2052671385793846
596,0.29441009538379836
597,0.1834983115017203
598,0.21948159960011834
599,0.2005872411808517
600,0.22621791688075685
601,0.20621163465463344
602,0.16944170582587528
603,0.21758782964948437
604,0.1433189165129665
605,0.18790269535507267
606,0.1408837978530014
607,0.21934924948509182
608,0.1830006191251371
609,0.20236339943477935
610,0.1975945953375746
611,0.2265692090537132
612,0.19036265081046283
613,0.2177795908125306
614,0.2245927564887458
615,0.21089557361292885
616,0.23834503013046335
617,0.18487461937387634
618,0.22525372389051493
619,0.23698635933930848
620,0.22491016478762713
621,0.12572966762271656
622,0.21786247214571083
623,0.15118437254479458
624,0.22102772982926128
625,0.20381122124749357
626,0.1398028432087833
627,0.20521901695962122
628,0.20845196580455763
629,0.08807572173867725
630,0.19452452843885495
631,0.19393169722793957
632,0.1691757127107198
633,0.11291265121617265
634,0.20388922593830108
635,0.18972066124938317
636,0.14916860708099408
637,0.17026771231607024
638,0.22102343825519946
639,0.21239607159494922
640,0.1855454144030209
641,0.3903552622949895
642,0.09858605931689839
643,0.1291438411450846
644,0.1290663126626674
645,0.09853269899366385
646,0.18849962383331198
647,0.21355737099511582
648,0.19779632434458505
649,0.15081294382528765
650,0.19171371109328106
651,0.18193496125285058
652,0.19454515838024725
653,0.2053971461978577
654,0.20881102721023054
655,0.19296559092064777
656,0.24374471403021633
657,0.19655013096490057
658,0.216536666702517
659,0.20393418194040622
660,0.14816638563766055
661,0.2061512716589391
662,0.1246568596652271
663,0.16531231742565905
664,0.3128672453625193
665,0.1734286526504041
666,0.19326586562055648
667,0.28268941348120785
668,0.25958220402452
669,0.19171446309200849
670,0.19877580917729448
671,0.19263751554379857
672,0.19471138245397715
673,0.1233589596699603
674,0.12222064426090518
675,0.10444468084379545
676,0.212073406730558
677,0.18048933656947588
678,0.16176604812450557
679,0.125574128323909
680,0.1487695705263986
681,0.18052377050844812
682,0.17321284902284878
683,0.19143770428374224
684,0.252296521299335
685,0.2932933474481335
686,0.08891427152983511
687,0.11475742400035936
688,0.17840368111490185
689,0.13073551028985814
690,0.1847215880184717
691,0.18898039501213357
692,0.3889894608093185
693,0.13076666335347337
694,0.20589382283222976
695,0.22183279340449927
696,0.1911150556908645
697,0.2228937573867578
698,0.10859359063292144
699,0.21329975887719452
700,0.09719020131213035
701,0.15922039462081475
702,0.18519315988532117
703,0.2081108239520819
704,0.19529786206122982
705,0.18654881145722374
706,0.2106341987382666
707,0.2202757934690264
708,0.20210209935260265
709,0.20224926447478742
710,0.14441882915689722
711,0.10640215473142504
712,0.17753676330433504
713,0.19745743752529588
714,0.21277564547962793
715,0.18409069082438134
716,0.4092281012046797
717,0.25403182459319146
718,0.21715924842963555
719,0.16326536217795767
720,0.20365498151432634
721,0.16875103676267217
722,0.1255865668048421
723,0.18546138270576148
724,0.2761601398157657
725,0.22259566408972875
726,0.16461849141974627
727,0.15789044858725682
728,0.2165655338790097
729,0.218712238655169
730,0.17198416948859982
731,0.2283827008066079
732,0.14448489706485837
733,0.24276185626755614
734,0.20366078169075666
735,0.2490636340217158
736,0.2727729181680255
737,0.1731923828594922
738,0.1482488842468064
739,0.1342977959751828
740,0.21324308970964376
741,0.11688171584381232
742,0.13592894851400872
743,0.0952442694722366
744,0.15551111975182833
745,0.2063428995908421
746,0.19718756308620847
747,0.141720035540934
748,0.1574631384899326
749,0.08214958571080457
750,0.20345289724421226
751,0.19565423160983678
752,0.2410377837217776
753,0.19694654232173145
754,0.2124157679220025
755,0.19604927880758113
756,0.2097618969709044
757,0.21083670570448884
758,0.18046940142097026
759,0.19991632988769367
760,0.22138574455740978
761,0.2079528590878394
762,0.10436892152647564
763,0.1805123020768321
764,0.21231927641152634
765,0.17441619326863853
766,0.20057129373794955
767,0.2190187008626452
768,0.11916977685241337
769,0.21925835340994781
770,0.24090070213755022
771,0.15476727654953898
772,0.10275954910973749
773,0.21942230769017643
774,0.22983915615625006
775,0.214041013407613
776,0.2792307676488671
777,0.17440898478698474
778,0.19156673492566678
779,0.17804815832420914
780,0.19467688189421462
781,0.17082741631068019
782,0.1973607678460259
783,0.17523153954956694
784,0.11682208712205112
785,0.18680087939776502
786,0.14573307634739402
787,0.24318604670867758
788,0.22664496192888162
789,0.22647835107359574
790,0.12672124561374826
791,0.22811815570218
792,0.19924682369711022
793,0.1979061811527933
794,0.24547850766169974
795,0.22471899386454103
796,0.1793642316827277
797,0.17266471935877648
798,0.10808656851501339
799,0.20344655321922192
800,0.2262410948189405
801,0.22052990514679327
802,0.22865678195591632
803,0.14112888929959744
804,0.1847215880184717
805,0.2210024523180561
806,0.2359553106586977
807,0.1453853843585957
808,0.37239089440841305
809,0.2024459251935345
810,0.20317574881367675
811,0.23035457476499388
812,0.20493397341383557
813,0.14940661272918185
814,0.22150471104211547
815,0.19159982177981566
816,0.21066317276014843
817,0.1986808995251028
818,0.22315437043820957
819,0.21527976595945178
820,0.09961290500677812
821,0.20455925897018729
822,0.21751854646870758
823,0.19156652323188164
824,0.16898978043894486
825,0.19440125530962968
826,0.2112973041276985
827,0.133428727613124
828,0.12663738475917866
829,0.21953111514442403
830,0.14018524052627476
831,0.22771237248169618
832,0.12752972580631483
833,0.1908479616399648
834,0.13027865511380426
835,0.24237351757853198
836,0.2274314087522989
837,0.1000864242391153
838,0.21084394824928404
839,0.20552479594030806
840,0.1595021383746362
841,0.24654957867745877
842,0.15023114074462915
843,0.1658677738230832
844,0.22636154144491374
845,0.21542123829331905
846,0.26450452258594914
847,0.1640643618236794
848,0.21241206323939718
849,0.13442604734712102
850,0.18824858591373747
851,0.19975465016389987
852,0.20393096886842835
853,0.21090001380853138
854,0.20752098347128317
855,0.140478668493661
856,0.23788411438725116
857,0.15201550721441742
858,0.13702318240030395
859,0.21116655157144476
860,0.16520566980501117
861,0.21276261782062378
862,0.20195197528639197
863,0.20701202430090754
864,0.20941321575497715
865,0.22250048351327392
866,0.16296171741048196
867,0.12474297389218779
868,0.1940248496391879
869,0.2117322767640714
870,0.2081141200844371
871,0.1569715512176785
872,0.18962743217943487
873,0.21528073372240675
874,0.22451043145985194
875,0.14527357501760998
876,0.22597568592935974
877,0.14229291262814367
878,0.10134621032999173
879,0.2365456105293353
880,0.20949295161266762
881,0.20683060547247156
882,0.20533970198941867
883,0.14051687093777102
884,0.22907296620132708
885,0.21076395865933673
886,0.21779264527236922
887,0.20852265075913043
888,0.12706192547597697
889,0.21533885850073808
890,0.1920281956932737
891,0.21328970970061045
892,0.23098834892374862
893,0.14236655053539118
894,0.13642494530287297
895,0.19839386160622927
896,0.18799404247561213
897,0.2613701522699246
898,0.2288645362308893
899,0.22340507733912682
900,0.21292174122198848
901,0.15800093383541866
902,0.2149605818892302
903,0.22344313715321112
904,0.19677007678644648
905,0.20159759205467276
906,0.19516373045731705
907,0.19560111313815234
908,0.23225892825039293
909,0.2044548683376692
910,0.2546657633665552
911,0.15125198139543897
912,0.12621895052699345
913,0.18111463349340823
914,0.21937286644280987
915,0.20704198677695423
916,0.19667715027721477
917,0.22029549772602472
918,0.17970330337602783
919,0.14131469440130792
920,0.21697972369597185
921,0.21726873839608066
922,0.12523381414797155
923,0.22410938020336052
924,0.15818305920962905
925,0.1910977141105492
926,0.09857412326251692
927,0.18342489112427562
928,0.2757979679875708
929,0.21129811745664012
930,0.21573750058650087
931,0.20924087092886615
932,0.14118718355353949
933,0.21446529068879333
934,0.19337818925037445
935,0.23326991169946706
936,0.2398199068630203
937,0.23126338564039634
938,0.11689574236775578
939,0.2316508883002419
940,0.2046401784808919
941,0.18666694476759302
942,0.11268709598002387
943,0.19531515700378776
944,0.20214500360248772
945,0.170475912956629
946,0.10098878070538451
947,0.22519083711470522
948,0.22548555858482516
949,0.2093196296666732
950,0.18844750656013204
951,0.20501584321997185
952,0.1834116472256616
953,0.2334828939783339
954,0.20505368968379623
955,0.17290532664741867
956,0.17872721822378435
957,0.2032850587964558
958,0.19352675245999174
959,0.17827684049849277
960,0.22510480791823298
961,0.17541329650108853
962,0.22095719604202774
963,0.15100471511573194
964,0.18952510058889804
965,0.10734908260343709
966,0.19571478367907522
967,0.14176675352459953
968,0.24222283185727844
969,0.10462699977890265
970,0.21923277204114475
971,0.11283788456752274
972,0.20099659095252145
973,0.2232116843006339
974,0.11377491301069538
975,0.22411217140740664
976,0.11014786300099925
977,0.23122361071712563
978,0.10562607867735042
979,0.2226824691039241
980,0.2271719383535593
981,0.10565004419980185
982,0.23068366146544783
983,0.23914890015931842
984,0.23102266490309445
985,0.21194290969882695
986,0.21271964415759256
987,0.2163425791057442
988,0.12943328310189178
989,0.2323915740240941
990,0.12828835962124377
991,0.2363160930242599
992,0.20141662520904877
993,0.19928289916282388
994,0.1970263498324547
995,0.22739467749164055
996,0.09051838884673057
997,0.16367725589871718
998,0.2178710473730822
999,0.21311015243307152
1000,0.2154233647959237
1001,0.20039794780851244
1002,0.2119677987426916
1003,0.22684920237482176
1004,0.1401606247795913
1005,0.19605058158109917
1006,0.16589777856848834
1007,0.20055531863509693
1008,0.20977310491365003
1009,0.21382580411324592
1010,0.12219103103574776
1011,0.21129664684308913
1012,0.20643450831189844
1013,0.131184068946548
1014,0.2094596437526158
1015,0.21215842754002726
1016,0.21255415669770988
1017,0.16128212128961292
1018,0.22862235750882984
1019,0.2239367989930624
1020,0.2652734552597278
1021,0.19164883921294631
1022,0.2185697463112218
1023,0.14834708188033674
1024,0.1530707393297597
1025,0.27940589949724254
1026,0.2030322297366748
1027,0.2304975959801147
1028,0.22168930511471302
1029,0.1250932429189915
1030,0.18107668806942362
1031,0.20950765577367314
1032,0.12522984066300757
1033,0.18762492095059918
1034,0.09058437853638376
1035,0.19731301865992038
1036,0.13136874928690276
1037,0.21845833622126012
1038,0.1991320346323861
1039,0.25454668859871293
1040,0.24290342637168602
1041,0.1853697642224588
1042,0.1960089795400146
1043,0.14404002561718357
1044,0.09852931654062538
1045,0.21881117893895632
1046,0.1482595747403194
1047,0.17979194307115362
1048,0.23295950531182338
1049,0.2146597958154313
1050,0.21816204666399824
1051,0.23935586672039597
1052,0.17663510126088858
1053,0.21261583344054022
1054,0.1049800920682275
1055,0.16160865991869527
1056,0.21688955730810938
1057,0.16338329996177334
1058,0.17644088741418867
1059,0.1218278405094958
1060,0.22305440197717086
1061,0.22554196938323662
1062,0.18580576315086528
1063,0.1389985751346877
1064,0.22096951631606535
1065,0.13468312523299775
1066,0.2106034683884051
1067,0.1066781237421795
1068,0.0955165647889393
1069,0.20497198260055724
1070,0.13688543938302014
1071,0.17324238448148285
1072,0.20436400777569805
1073,0.1851095745153859
1074,0.09968162095147755
1075,0.16946244944800257
1076,0.19794742821334546
1077,0.18223400642158638
1078,0.15411627172178524
1079,0.21753603005886607
1080,0.20331542802730854
1081,0.11298612746127935
1082,0.12117657477646175
1083,0.14163787797418265
1084,0.21019718670095616
1085,0.17571253186517594
1086,0.12607477273976686
1087,0.11535076143242735
1088,0.20131255281085383
1089,0.13255573919525632
1090,0.1276729143950893
1091,0.14998377227854798
1092,0.189405336992679
1093,0.12804441927283164
1094,0.14925082472067583
1095,0.20574098261459367
1096,0.1750052683854253
1097,0.12496531404875444
1098,0.22562978313141682
1099,0.2123099048463873
1100,0.2104887077954659
1101,0.12904028083052896
1102,0.25249247104155736
1103,0.13511924480207205
1104,0.21378375584004355
1105,0.22458645854300022
1106,0.13303816406103647
1107,0.2544220437424833
1108,0.21404970267893292
1109,0.18138494643133224
1110,0.19614285535989448
1111,0.15569677494575418
1112,0.19230479212770732
1113,0.1901021678059374
1114,0.11503997421285868
1115,0.218290742833538
1116,0.2143273790462173
1117,0.2287663998447976
1118,0.17734664863756336
1119,0.14597790000331431
1120,0.20824512305528486
1121,0.20892198111375793
1122,0.11128530225287786
1123,0.2407053284191319
1124,0.21129221649548843
1125,0.23706269661374793
1126,0.20947100775473199
1127,0.22169822571026146
1128,0.21672230011960017
1129,0.13597408353652463
1130,0.214320405383859
1131,0.21148559871177736
1132,0.21816625700849956
1133,0.17284972604821874
1134,0.16249801625314275
1135,0.12224975851174974
1136,0.2121013869321712
1137,0.19865660678232083
1138,0.1660469844069577
1139,0.12573875591708839
1140,0.22949906907011075
1141,0.21951553724806175
1142,0.21339129569273704
1143,0.18484678040413097
1144,0.2351875099056671
1145,0.28100815827860515
1146,0.18219414537388534
1147,0.13345374272240787
1148,0.21687098641955715
1149,0.23698924242137534
1150,0.1387559796513601
1151,0.12524493310738125
1152,0.16009327108787244
1153,0.09798310769954317
1154,0.15125668067000328
1155,0.21687831279604966
1156,0.1972100035603507
1157,0.17773123112124486
1158,0.2253818429855194
1159,0.21919722244706003
1160,0.2086607163512587
1161,0.21631754464835132
1162,0.13709336914542603
1163,0.2015586822903851
1164,0.23294664954904415
1165,0.23739812092611473
1166,0.12902733553923035
1167,0.13887691786680934
1168,0.17288683506012523
1169,0.21730248159894697
1170,0.11059310616899826
1171,0.2238530131075437
1172,0.22380758564864123
1173,0.20891828988486058
1174,0.22763889376023538
1175,0.21871663761119348
1176,0.10558173725665893
1177,0.1178374709969098
1178,0.11363422246133786
1179,0.17763964772513183
1180,0.19100856681969358
1181,0.2127457824840764
1182,0.229679117353251
1183,0.14591441504862174
1184,0.1842371997002678
1185,0.2130073109462611
1186,0.22586791279654134
1187,0.20083759255173483
1188,0.19731992288757544
1189,0.16899268248166055
1190,0.20571868840990037
1191,0.20208994554954798
1192,0.19732661891415434
1193,0.2142567569953876
1194,0.22183007216876505
1195,0.19393861271808188
1196,0.2219940515767332
1197,0.20340125769398276
1198,0.2056300248725495
1199,0.2119100451027514
1200,0.25992494545952005
1201,0.20599114066597268
1202,0.22325548962554365
1203,0.19693451627542405
1204,0.26081249726788963
1205,0.133703040921025
1206,0.15455614810039675
1207,0.2244997399461862
1208,0.1668207183881149
1209,0.21453098946582336
1210,0.21457484074615224
1211,0.11107324794317137
1212,0.10510621449709255
1213,0.10267833990877592
1214,0.21321844143402705
1215,0.09645481877094585
1216,0.13923341862038174
1217,0.22357617631752905
1218,0.19920484280273576
1219,0.1738378099904067
1220,0.2073267710392616
1221,0.21667840508035557
1222,0.23076519676506244
1223,0.21141917548098232
1224,0.21762305002231785
1225,0.13711556254286816
1226,0.18604551698459032
1227,0.22549451040270255
1228,0.12242161484514258
1229,0.22397179307523166
1230,0.12829251761788696
1231,0.2085248979967567
1232,0.19937880228484287
1233,0.19795253878942665
1234,0.23167057890214704
1235,0.21481768516955746
1236,0.21393132522046257
1237,0.20564660954556097
1238,0.21461388127166056
1239,0.1600747036551006
1240,0.2595279553663194
1241,0.18350198836739606
1242,0.18554077679244235
1243,0.19323357655925635
1244,0.20569828556981434
1245,0.14040221230611943
1246,0.20595842489741403
1247,0.24453561732585458
1248,0.21469639364313065
1249,0.2195555149914056
1250,0.2136343837490938
1251,0.12171324245774172
1252,0.1726589888112434
1253,0.20085406702351163
1254,0.1124399511303803
1255,0.21502560652832123
1256,0.18079360350125145
1257,0.18629580471256224
1258,0.13184520964257973
1259,0.20681310424903443
1260,0.11044832273706087
1261,0.24633270996534
1262,0.20235960315256743
1263,0.17178232018759085
1264,0.13350919022796442
1265,0.21124203626169855
1266,0.21224882776717957
1267,0.16807113615690616
1268,0.1964244439309275
1269,0.2084182748342629
1270,0.1718034937526651
1271,0.10098580691308327
1272,0.22736244412142678
1273,0.18624694052523097
1274,0.1317830012317711
1275,0.19052045229785944
1276,0.2266256831579482
1277,0.1523388062815741
1278,0.22826733569386562
1279,0.11076926245228065
1280,0.18073087238264962
1281,0.20713650309527187
1282,0.2227378435887477
1283,0.22912285517236977
1284,0.18217837536489587
1285,0.16089609210565892
1286,0.21757280805361523
1287,0.2246290875159325
1288,0.21365136975029758
1289,0.3528120149872001
1290,0.11371386580392731
1291,0.16335118175781532
1292,0.18710379685546674
1293,0.22505171695008494
1294,0.168628883940022
1295,0.2305170379510924
1296,0.209690030701776
1297,0.11005049054140333
1298,0.22037436183916712
1299,0.13724973323841333
1300,0.2088772943394905
1301,0.1666086492063926
1302,0.23013187867014673
1303,0.1510526701266489
1304,0.0823158819233478
1305,0.12171409270548983
1306,0.22213843110915546
1307,0.3070758106954056
1308,0.2645145718334625
1309,0.22840637058675572
1310,0.11485664737521487
1311,0.21389997301162658
1312,0.22610379760597302
1313,0.17342974050160057
1314,0.16733207440912443
1315,0.20552403180084078
1316,0.19751343270708288
1317,0.10167784319551303
1318,0.1318761863727137
1319,0.2302721884648206
1320,0.1263949965945829
1321,0.11057261523745857
1322,0.19450942139605168
1323,0.21995274096278195
1324,0.12550444305228403
1325,0.22152253884253925
1326,0.13331947832533397
1327,0.12567331254313
1328,0.21677500463964278
1329,0.09536502186889119
1330,0.12404092700373862
1331,0.2531815436195762
1332,0.20991330470010383
1333,0.13866740105034095
1334,0.17897771555948366
1335,0.11510611440268298
1336,0.2254686568807299
1337,0.22263404395350686
1338,0.14430978948706916
1339,0.15677855906472912
1340,0.13486874716876882
1341,0.21620304816628674
1342,0.24508578500687858
1343,0.21401067706089624
1344,0.23382354071510908
1345,0.19781324571865658
1346,0.19518762251752336
1347,0.1977725448185112
1348,0.23274094129843165
1349,0.24564873119820083
1350,0.21600140367768442
1351,0.16670184863495555
1352,0.1914854209994762
1353,0.21834748473974896
1354,0.19749953764097994
1355,0.18717580255052552
1356,0.22314656480402992
1357,0.16983562039758693
1358,0.13326176525874578
1359,0.1915089641575342
1360,0.2338195745589675
1361,0.2255439216261167
1362,0.1366534309021416
1363,0.11902850052765339
1364,0.10503696852307794
1365,0.16670999304633635
1366,0.2291295701244725
1367,0.16081808518612584
1368,0.19427513800463073
1369,0.21473766561723592
1370,0.21747179572537192
1371,0.19785602203557365
1372,0.0970139216034297
1373,0.13524064342377443
1374,0.24620890150335156
1375,0.24367632032615938
1376,0.10976686379755232
1377,0.1685564594289099
1378,0.21332678707446978
1379,0.18005626388667131
1380,0.1271220838762059
1381,0.16771479441468176
1382,0.21401696924660704
1383,0.1199551149742825
1384,0.2739205127033672
1385,0.12850878558279644
1386,0.11765318949200343
1387,0.11765318949200343
1388,0.11765318949200343
1389,0.11765318949200343
1390,0.2193247318698434
1391,0.19419158099742378
1392,0.21052409176745027
1393,0.20259468970832042
1394,0.13048508491565491
1395,0.2652082585370615
1396,0.2391665402317206
1397,0.20557313407989336
1398,0.24259214998201045
1399,0.1346542113520413
1400,0.17092900047501988
1401,0.13032734210844088
1402,0.15728592190534585
1403,0.22811495975495036
1404,0.12437638250809581
1405,0.22878012237140075
1406,0.21983497256191112
1407,0.1361124085980746
1408,0.20162786628096846
1409,0.20459940121105424
1410,0.19249569969706734
1411,0.10802055241352725
1412,0.13587297251954583
1413,0.13923517692843157
1414,0.21411128664239798
1415,0.2193707974170739
1416,0.2081802615552595
1417,0.11249990608144836
1418,0.11002016953764138
1419,0.19145966936056577
1420,0.11195928527007554
1421,0.2367423419829475
1422,0.20516004461132925
1423,0.11321321038691269
1424,0.18493842819574116
1425,0.24000877010346275
1426,0.20359359055422147
1427,0.22283447611097806
1428,0.1870717787958415
1429,0.23495678636582976
1430,0.11469012327390042
1431,0.14889969124171334
1432,0.17746670176514961
1433,0.18782722229772844
1434,0.1901066149943418
1435,0.2543680206906928
1436,0.1125425164377583
1437,0.2212220875454892
1438,0.09253572612939476
1439,0.128519364046779
1440,0.1316215028271474
1441,0.12808366901076265
1442,0.12821889117612856
1443,0.23551811374506396
1444,0.1387560826006338
1445,0.22529291101517998
1446,0.21351707900518677
1447,0.22135259515760508
1448,0.22178854238875886
1449,0.16402892307168648
1450,0.176794541753464
1451,0.21833381439957122
1452,0.20777480155507194
1453,0.2114665223668485
1454,0.13323117160961584
1455,0.17421068730736286
1456,0.24160822259217565
1457,0.16259070930901848
1458,0.19379777253938893
1459,0.22990692748956987
1460,0.15333837393215968
1461,0.15179904420398938
1462,0.2037923361855537
1463,0.0972190987449826
1464,0.10927759126126484
1465,0.20734048278056338
1466,0.09966526990719718
1467,0.2124845565302359
1468,0.22042800281391245
1469,0.1611706710823856
1470,0.2146631283751066
1471,0.209050678762387
1472,0.11678363278852921
1473,0.18583420996303282
1474,0.16700495224042378
1475,0.2156667130082056
1476,0.17029178166586958
1477,0.2181246102202266
1478,0.21506665253381763
1479,0.12042425134788196
1480,0.15531384207073645
1481,0.1989694295784244
1482,0.24164025022314223
1483,0.16524563343080773
1484,0.21431025929579742
1485,0.2345204539192506
1486,0.2296098803777855
1487,0.19002128004557023
1488,0.1450826082804668
1489,0.18567272605010926
1490,0.21557743613313082
1491,0.1779735166449876
1492,0.20264871338163484
1493,0.2105554506287401
1494,0.1201152923661628
1495,0.142830207452274
1496,0.14065329667564538
1497,0.13069456365896864
1498,0.11634060919599282
1499,0.1597925549739872
1500,0.22800983111372192
1501,0.17951272257294695
1502,0.2248994082965182
1503,0.22000574105980022
1504,0.09456221255524486
1505,0.21024472233550137
1506,0.22437020723752701
1507,0.15806752833662527
1508,0.25544706120828264
1509,0.11093825389669597
1510,0.16679892904370724
1511,0.25317100653169555
1512,0.11119149074833552
1513,0.2286614943847107
1514,0.1431390669286202
1515,0.21694861402382007
1516,0.15726062142435435
1517,0.21571097842642473
1518,0.2897196256731823
1519,0.1124669976604918
1520,0.11318972510968597
1521,0.13302801929554353
1522,0.24138707077378088
1523,0.18421538998532638
1524,0.2512801837505812
1525,0.1958075574575115
1526,0.20441945191786637
1527,0.11711206915416761
1528,0.16216207583808206
1529,0.21809185766834555
1530,0.20891206735186235
1531,0.20553876321350156
1532,0.21810015735516003
1533,0.22914302572113562
1534,0.16592970651424058
1535,0.22979994604844306
1536,0.18632983677826775
1537,0.14538281209546272
1538,0.13004689277616138
1539,0.16324692588849474
1540,0.225054650139977
1541,0.2085499122824549
1542,0.20230708148535984
1543,0.10440706961368532
1544,0.1435075925308091
1545,0.22589134448823986
1546,0.13012501868574894
1547,0.22984279349545422
1548,0.22078091621403598
1549,0.23259652729929586
1550,0.20905054076822516
1551,0.14998303040226096
1552,0.23346290723293325
1553,0.19775313747776718
1554,0.08840542964335606
1555,0.20513611578828517
1556,0.1844019095854162
1557,0.19581447563134174
1558,0.1195706761685529
1559,0.21992624080899287
1560,0.12615213992506086
1561,0.1376128478201993
1562,0.2201494720723224
1563,0.20125678576584324
1564,0.23207265023380988
1565,0.23593544286799153
1566,0.11213384172752525
1567,0.1950086532027978
1568,0.20610534608297526
1569,0.10506263323488328
1570,0.20183403884887707
1571,0.2030652536180101
1572,0.23602038481435902
1573,0.23333485394815912
1574,0.20283307479774615
1575,0.2340153259422453
1576,0.16627461476953764
1577,0.22339518536581415
1578,0.1870382017348518
1579,0.2019459619116827
1580,0.21510958066485306
1581,0.22165804240106607
1582,0.20725234077641352
1583,0.2475238466036443
1584,0.23503301352498396
1585,0.09356401466369331
1586,0.09261700010429534
1587,0.22530950235082567
1588,0.22438560726623533
1589,0.19256312773679218
1590,0.12733325123982497
1591,0.14695232988887927
1592,0.23339131413600697
1593,0.2353571408343929
1594,0.22298838872816226
1595,0.15563023194574624
1596,0.12024979780775925
1597,0.21088826080995188
1598,0.19641787666177973
1599,0.08698797327576721
1600,0.23150733188667558
1601,0.22795213160654995
1602,0.19777984902747925
